Workbook

Sheet Danh mục
A1: \9 | B1: Ngày bắt đầu | C1: Ngày kết thúc | D1: Mốc chính của tuần | F1: Tên thành viên | G1: Vai trò | I1: Trạng thái | J1: Ưu tiên | K1: Cổng | L1: Rubric
A2: Tuần 01 | B2: 46286 | C2: 46292 | D2: Khởi tạo nền tảng, Docker, Repo, Phân tích thị trường | F2: Nguyễn Tấn Phát | G2: PO & BA | I2: Backlog | J2: Khẩn cấp | K2: G1 | L2: 46027
A3: Tuần 02 | B3: 46293 | C3: 46299 | D3: Lean Canvas, Kanban, Setup Custom Plugin & Theme UI Tokens | F3: Lê Nguyễn Quốc An | G3: Scrum Master & DevOps | I3: To Do | J3: Cao | K3: G2 | L3: 46058
A4: Tuần 03 | B4: 46300 | C4: 46306 | D4: Hạn chốt G3 (L01, L02, L08, L09), Crawl >= 500 SKU | F4: Lâm Trúc Uyên | G4: Theme Dev 1 (Catalog, UI) | I4: In Progress | J4: Trung bình | K4: G3 | L4: 46086
A5: Tuần 04 | B5: 46307 | C5: 46313 | D5: Hạn chốt G3 (L03, L04, L05), Code Đợt A (Quiz, Catalog, Hạ tầng) | F5: Huỳnh Ngọc Nhã Uyên | G5: Theme Dev 2 (Quiz Frontend, Cart/Checkout UX) | I5: Review | J5: Thấp | K5: G4 | L5: 46117
A6: Tuần 05 | B6: 46314 | C6: 46320 | D6: Hạn chốt G3 (L06, L07), Import >= 500 SKU đủ 3 taxonomy | F6: Bùi Hiếu Nhân | G6: Plugin Dev 1 (Quiz Backend, Taxonomy, REST) | I6: Testing | K6: G5 | L6: 46147
A7: Tuần 06 | B7: 46321 | C7: 46327 | D7: Hạn chốt G3 (L10), Bật HPOS WooCommerce | F7: Nguyễn Minh Trí | G7: Plugin Dev 2 (Crawler, HPOS, Redis, khuyến mãi) | I7: Done | K7: G6 | L7: 46178
A8: Tuần 07 | B8: 46328 | C8: 46334 | D8: Redis Object Cache Connected, Chốt REST namespace | F8: Trần Ngọc Minh Tuyền | G8: Integration Dev (thanh toán, email, vận chuyển, REST API) | I8: Blocked | K8: G7 | L8: Không
A9: Tuần 08 | B9: 46335 | C9: 46341 | D9: Website VPS domain HTTPS (Rubric 5.1), Selenium 3 tác vụ (5.5), REST API 3 tác vụ (5.6) | F9: Nguyễn Ngọc Thảo Uyên | G9: QA & Automation (Selenium) | K9: G8
A10: Tuần 09 | B10: 46342 | C10: 46348 | D10: Load test 50 users, Regression test Selenium 5/5 lần, Script Python gọi REST
A11: Tuần 10 | B11: 46349 | C11: 46355 | D11: Tổng duyệt, hoàn thiện báo cáo Word, slide, video 4K, Demo Day

Sheet Luồng
A1: Mã luồng | B1: Tên | C1: Nhóm | D1: Mục tiêu | E1: Bắt đầu khi | F1: Kết thúc khi | G1: Nhận từ luồng | H1: Bàn giao cho luồng | I1: Flow Owner | J1: PO duyệt | K1: SM duyệt | L1: QA | M1: Ưu tiên | N1: Hạn chốt G3 | O1: Rubric liên quan | P1: G1 | Q1: G2 | R1: G3 | S1: G4 | T1: G5 | U1: G6 | V1: G7 | W1: G8 | X1: % hoàn thành | Y1: Sẵn sàng prompt? | Z1: Link thư mục docs/flows/...
A2: L01 | B2: Quiz chẩn đoán da & Routine cá nhân hóa | C2: Chuỗi khách hàng | D2: Giúp khách hàng nhận diện đúng loại da và nhận Routine 3-4 sản phẩm phù hợp qua bài trắc nghiệm. | E2: Khách bấm "Làm Quiz" | F2: Hiển thị Routine 3–4 sản phẩm | G2: L08 | H2: L02, L03 | I2: Bùi Hiếu Nhân | J2: Nguyễn Tấn Phát | K2: Lê Nguyễn Quốc An | L2: Nguyễn Ngọc Thảo Uyên | M2: Must | N2: 46306 | O2: Không | P2: =COUNTIFS(Tasks!$B$2:$B$137,A2,Tasks!$C$2:$C$137,"G1",Tasks!$Q$2:$Q$137,"Done")&"/"&COUNTIFS(Tasks!$B$2:$B$137,A2,Tasks!$C$2:$C$137,"G1") -> 0/0 | Q2: =COUNTIFS(Tasks!$B$2:$B$137,A2,Tasks!$C$2:$C$137,"G2",Tasks!$Q$2:$Q$137,"Done")&"/"&COUNTIFS(Tasks!$B$2:$B$137,A2,Tasks!$C$2:$C$137,"G2") -> 0/0 | R2: =COUNTIFS(Tasks!$B$2:$B$137,A2,Tasks!$C$2:$C$137,"G3",Tasks!$Q$2:$Q$137,"Done")&"/"&COUNTIFS(Tasks!$B$2:$B$137,A2,Tasks!$C$2:$C$137,"G3") -> 0/0 | S2: =COUNTIFS(Tasks!$B$2:$B$137,A2,Tasks!$C$2:$C$137,"G4",Tasks!$Q$2:$Q$137,"Done")&"/"&COUNTIFS(Tasks!$B$2:$B$137,A2,Tasks!$C$2:$C$137,"G4") -> 0/0 | T2: =COUNTIFS(Tasks!$B$2:$B$137,A2,Tasks!$C$2:$C$137,"G5",Tasks!$Q$2:$Q$137,"Done")&"/"&COUNTIFS(Tasks!$B$2:$B$137,A2,Tasks!$C$2:$C$137,"G5") -> 0/0 | U2: =COUNTIFS(Tasks!$B$2:$B$137,A2,Tasks!$C$2:$C$137,"G6",Tasks!$Q$2:$Q$137,"Done")&"/"&COUNTIFS(Tasks!$B$2:$B$137,A2,Tasks!$C$2:$C$137,"G6") -> 0/0 | V2: =COUNTIFS(Tasks!$B$2:$B$137,A2,Tasks!$C$2:$C$137,"G7",Tasks!$Q$2:$Q$137,"Done")&"/"&COUNTIFS(Tasks!$B$2:$B$137,A2,Tasks!$C$2:$C$137,"G7") -> 0/0 | W2: =COUNTIFS(Tasks!$B$2:$B$137,A2,Tasks!$C$2:$C$137,"G8",Tasks!$Q$2:$Q$137,"Done")&"/"&COUNTIFS(Tasks!$B$2:$B$137,A2,Tasks!$C$2:$C$137,"G8") -> 0/0 | X2: =IFERROR(COUNTIFS(Tasks!$B$2:$B$137,A2,Tasks!$Q$2:$Q$137,"Done")/COUNTIF(Tasks!$B$2:$B$137,A2),0) -> 0 | Y2: =IFERROR(VLOOKUP(A2,DoR!$A$2:$K$12,11,FALSE),"CHƯA SẴN SÀNG") -> CHƯA SẴN SÀNG | Z2: docs/flows/L01-quiz-routine/
A3: L02 | B3: Khám phá & chọn sản phẩm (Catalog, lọc, chi tiết) | C3: Chuỗi khách hàng | D3: Cung cấp giao diện duyệt sản phẩm, lọc theo đa tiêu chí taxonomy và xem chi tiết sản phẩm chuẩn UX. | E3: Khách vào web/tìm kiếm | F3: Bấm "Thêm vào giỏ" | G3: L08 | H3: L03 | I3: Lâm Trúc Uyên | J3: Nguyễn Tấn Phát | K3: Lê Nguyễn Quốc An | L3: Nguyễn Ngọc Thảo Uyên | M3: Must | N3: 46306 | O3: Không | P3: =COUNTIFS(Tasks!$B$2:$B$137,A3,Tasks!$C$2:$C$137,"G1",Tasks!$Q$2:$Q$137,"Done")&"/"&COUNTIFS(Tasks!$B$2:$B$137,A3,Tasks!$C$2:$C$137,"G1") -> 0/0 | Q3: =COUNTIFS(Tasks!$B$2:$B$137,A3,Tasks!$C$2:$C$137,"G2",Tasks!$Q$2:$Q$137,"Done")&"/"&COUNTIFS(Tasks!$B$2:$B$137,A3,Tasks!$C$2:$C$137,"G2") -> 0/0 | R3: =COUNTIFS(Tasks!$B$2:$B$137,A3,Tasks!$C$2:$C$137,"G3",Tasks!$Q$2:$Q$137,"Done")&"/"&COUNTIFS(Tasks!$B$2:$B$137,A3,Tasks!$C$2:$C$137,"G3") -> 0/0 | S3: =COUNTIFS(Tasks!$B$2:$B$137,A3,Tasks!$C$2:$C$137,"G4",Tasks!$Q$2:$Q$137,"Done")&"/"&COUNTIFS(Tasks!$B$2:$B$137,A3,Tasks!$C$2:$C$137,"G4") -> 0/0 | T3: =COUNTIFS(Tasks!$B$2:$B$137,A3,Tasks!$C$2:$C$137,"G5",Tasks!$Q$2:$Q$137,"Done")&"/"&COUNTIFS(Tasks!$B$2:$B$137,A3,Tasks!$C$2:$C$137,"G5") -> 0/0 | U3: =COUNTIFS(Tasks!$B$2:$B$137,A3,Tasks!$C$2:$C$137,"G6",Tasks!$Q$2:$Q$137,"Done")&"/"&COUNTIFS(Tasks!$B$2:$B$137,A3,Tasks!$C$2:$C$137,"G6") -> 0/0 | V3: =COUNTIFS(Tasks!$B$2:$B$137,A3,Tasks!$C$2:$C$137,"G7",Tasks!$Q$2:$Q$137,"Done")&"/"&COUNTIFS(Tasks!$B$2:$B$137,A3,Tasks!$C$2:$C$137,"G7") -> 0/0 | W3: =COUNTIFS(Tasks!$B$2:$B$137,A3,Tasks!$C$2:$C$137,"G8",Tasks!$Q$2:$Q$137,"Done")&"/"&COUNTIFS(Tasks!$B$2:$B$137,A3,Tasks!$C$2:$C$137,"G8") -> 0/0 | X3: =IFERROR(COUNTIFS(Tasks!$B$2:$B$137,A3,Tasks!$Q$2:$Q$137,"Done")/COUNTIF(Tasks!$B$2:$B$137,A3),0) -> 0 | Y3: =IFERROR(VLOOKUP(A3,DoR!$A$2:$K$12,11,FALSE),"CHƯA SẴN SÀNG") -> CHƯA SẴN SÀNG | Z3: docs/flows/L02-catalog-product/
A4: L03 | B4: Giỏ hàng & Combo Routine | C4: Chuỗi khách hàng | D4: Quản lý giỏ hàng mượt mà, tự động áp dụng giảm giá 10% combo routine và cảnh báo xung đột hoạt chất. | E4: Thêm vào giỏ (kể cả 1-click Routine) | F4: Bấm "Thanh toán" | G4: L01, L02 | H4: L04 | I4: Huỳnh Ngọc Nhã Uyên | J4: Nguyễn Tấn Phát | K4: Lê Nguyễn Quốc An | L4: Nguyễn Ngọc Thảo Uyên | M4: Must | N4: 46313 | O4: Không | P4: =COUNTIFS(Tasks!$B$2:$B$137,A4,Tasks!$C$2:$C$137,"G1",Tasks!$Q$2:$Q$137,"Done")&"/"&COUNTIFS(Tasks!$B$2:$B$137,A4,Tasks!$C$2:$C$137,"G1") -> 0/0 | Q4: =COUNTIFS(Tasks!$B$2:$B$137,A4,Tasks!$C$2:$C$137,"G2",Tasks!$Q$2:$Q$137,"Done")&"/"&COUNTIFS(Tasks!$B$2:$B$137,A4,Tasks!$C$2:$C$137,"G2") -> 0/0 | R4: =COUNTIFS(Tasks!$B$2:$B$137,A4,Tasks!$C$2:$C$137,"G3",Tasks!$Q$2:$Q$137,"Done")&"/"&COUNTIFS(Tasks!$B$2:$B$137,A4,Tasks!$C$2:$C$137,"G3") -> 0/0 | S4: =COUNTIFS(Tasks!$B$2:$B$137,A4,Tasks!$C$2:$C$137,"G4",Tasks!$Q$2:$Q$137,"Done")&"/"&COUNTIFS(Tasks!$B$2:$B$137,A4,Tasks!$C$2:$C$137,"G4") -> 0/0 | T4: =COUNTIFS(Tasks!$B$2:$B$137,A4,Tasks!$C$2:$C$137,"G5",Tasks!$Q$2:$Q$137,"Done")&"/"&COUNTIFS(Tasks!$B$2:$B$137,A4,Tasks!$C$2:$C$137,"G5") -> 0/0 | U4: =COUNTIFS(Tasks!$B$2:$B$137,A4,Tasks!$C$2:$C$137,"G6",Tasks!$Q$2:$Q$137,"Done")&"/"&COUNTIFS(Tasks!$B$2:$B$137,A4,Tasks!$C$2:$C$137,"G6") -> 0/0 | V4: =COUNTIFS(Tasks!$B$2:$B$137,A4,Tasks!$C$2:$C$137,"G7",Tasks!$Q$2:$Q$137,"Done")&"/"&COUNTIFS(Tasks!$B$2:$B$137,A4,Tasks!$C$2:$C$137,"G7") -> 0/0 | W4: =COUNTIFS(Tasks!$B$2:$B$137,A4,Tasks!$C$2:$C$137,"G8",Tasks!$Q$2:$Q$137,"Done")&"/"&COUNTIFS(Tasks!$B$2:$B$137,A4,Tasks!$C$2:$C$137,"G8") -> 0/0 | X4: =IFERROR(COUNTIFS(Tasks!$B$2:$B$137,A4,Tasks!$Q$2:$Q$137,"Done")/COUNTIF(Tasks!$B$2:$B$137,A4),0) -> 0 | Y4: =IFERROR(VLOOKUP(A4,DoR!$A$2:$K$12,11,FALSE),"CHƯA SẴN SÀNG") -> CHƯA SẴN SÀNG | Z4: docs/flows/L03-cart-combo/
A5: L04 | B5: Checkout & Thanh toán (COD, VietQR, VNPay Sandbox) | C5: Chuỗi khách hàng | D5: Xử lý thông tin giao hàng và tích hợp đa dạng cổng thanh toán an toàn, chính xác (Rubric 5.2). | E5: Nhập thông tin giao hàng | F5: Thanh toán được xác nhận | G5: L03 | H5: L05 | I5: Trần Ngọc Minh Tuyền | J5: Nguyễn Tấn Phát | K5: Lê Nguyễn Quốc An | L5: Nguyễn Ngọc Thảo Uyên | M5: Must | N5: 46313 | O5: 46058 | P5: =COUNTIFS(Tasks!$B$2:$B$137,A5,Tasks!$C$2:$C$137,"G1",Tasks!$Q$2:$Q$137,"Done")&"/"&COUNTIFS(Tasks!$B$2:$B$137,A5,Tasks!$C$2:$C$137,"G1") -> 0/0 | Q5: =COUNTIFS(Tasks!$B$2:$B$137,A5,Tasks!$C$2:$C$137,"G2",Tasks!$Q$2:$Q$137,"Done")&"/"&COUNTIFS(Tasks!$B$2:$B$137,A5,Tasks!$C$2:$C$137,"G2") -> 0/0 | R5: =COUNTIFS(Tasks!$B$2:$B$137,A5,Tasks!$C$2:$C$137,"G3",Tasks!$Q$2:$Q$137,"Done")&"/"&COUNTIFS(Tasks!$B$2:$B$137,A5,Tasks!$C$2:$C$137,"G3") -> 0/0 | S5: =COUNTIFS(Tasks!$B$2:$B$137,A5,Tasks!$C$2:$C$137,"G4",Tasks!$Q$2:$Q$137,"Done")&"/"&COUNTIFS(Tasks!$B$2:$B$137,A5,Tasks!$C$2:$C$137,"G4") -> 0/0 | T5: =COUNTIFS(Tasks!$B$2:$B$137,A5,Tasks!$C$2:$C$137,"G5",Tasks!$Q$2:$Q$137,"Done")&"/"&COUNTIFS(Tasks!$B$2:$B$137,A5,Tasks!$C$2:$C$137,"G5") -> 0/0 | U5: =COUNTIFS(Tasks!$B$2:$B$137,A5,Tasks!$C$2:$C$137,"G6",Tasks!$Q$2:$Q$137,"Done")&"/"&COUNTIFS(Tasks!$B$2:$B$137,A5,Tasks!$C$2:$C$137,"G6") -> 0/0 | V5: =COUNTIFS(Tasks!$B$2:$B$137,A5,Tasks!$C$2:$C$137,"G7",Tasks!$Q$2:$Q$137,"Done")&"/"&COUNTIFS(Tasks!$B$2:$B$137,A5,Tasks!$C$2:$C$137,"G7") -> 0/0 | W5: =COUNTIFS(Tasks!$B$2:$B$137,A5,Tasks!$C$2:$C$137,"G8",Tasks!$Q$2:$Q$137,"Done")&"/"&COUNTIFS(Tasks!$B$2:$B$137,A5,Tasks!$C$2:$C$137,"G8") -> 0/0 | X5: =IFERROR(COUNTIFS(Tasks!$B$2:$B$137,A5,Tasks!$Q$2:$Q$137,"Done")/COUNTIF(Tasks!$B$2:$B$137,A5),0) -> 0 | Y5: =IFERROR(VLOOKUP(A5,DoR!$A$2:$K$12,11,FALSE),"CHƯA SẴN SÀNG") -> CHƯA SẴN SÀNG | Z5: docs/flows/L04-checkout-payment/
A6: L05 | B6: Xử lý đơn hàng & Thông báo (vòng đời đơn, HPOS, tồn kho, email hóa đơn) | C6: Nền tảng | D6: Quản lý toàn bộ vòng đời đơn hàng, trừ tồn kho, tối ưu lưu trữ với HPOS (Rubric 5.3) và gửi email hóa đơn. | E6: Đơn được tạo | F6: Đơn sẵn sàng giao | G6: L04 | H6: L07, L06, L10 | I6: Nguyễn Minh Trí | J6: Nguyễn Tấn Phát | K6: Lê Nguyễn Quốc An | L6: Nguyễn Ngọc Thảo Uyên | M6: Must | N6: 46313 | O6: 46086 | P6: =COUNTIFS(Tasks!$B$2:$B$137,A6,Tasks!$C$2:$C$137,"G1",Tasks!$Q$2:$Q$137,"Done")&"/"&COUNTIFS(Tasks!$B$2:$B$137,A6,Tasks!$C$2:$C$137,"G1") -> 0/0 | Q6: =COUNTIFS(Tasks!$B$2:$B$137,A6,Tasks!$C$2:$C$137,"G2",Tasks!$Q$2:$Q$137,"Done")&"/"&COUNTIFS(Tasks!$B$2:$B$137,A6,Tasks!$C$2:$C$137,"G2") -> 0/0 | R6: =COUNTIFS(Tasks!$B$2:$B$137,A6,Tasks!$C$2:$C$137,"G3",Tasks!$Q$2:$Q$137,"Done")&"/"&COUNTIFS(Tasks!$B$2:$B$137,A6,Tasks!$C$2:$C$137,"G3") -> 0/0 | S6: =COUNTIFS(Tasks!$B$2:$B$137,A6,Tasks!$C$2:$C$137,"G4",Tasks!$Q$2:$Q$137,"Done")&"/"&COUNTIFS(Tasks!$B$2:$B$137,A6,Tasks!$C$2:$C$137,"G4") -> 0/0 | T6: =COUNTIFS(Tasks!$B$2:$B$137,A6,Tasks!$C$2:$C$137,"G5",Tasks!$Q$2:$Q$137,"Done")&"/"&COUNTIFS(Tasks!$B$2:$B$137,A6,Tasks!$C$2:$C$137,"G5") -> 0/0 | U6: =COUNTIFS(Tasks!$B$2:$B$137,A6,Tasks!$C$2:$C$137,"G6",Tasks!$Q$2:$Q$137,"Done")&"/"&COUNTIFS(Tasks!$B$2:$B$137,A6,Tasks!$C$2:$C$137,"G6") -> 0/0 | V6: =COUNTIFS(Tasks!$B$2:$B$137,A6,Tasks!$C$2:$C$137,"G7",Tasks!$Q$2:$Q$137,"Done")&"/"&COUNTIFS(Tasks!$B$2:$B$137,A6,Tasks!$C$2:$C$137,"G7") -> 0/0 | W6: =COUNTIFS(Tasks!$B$2:$B$137,A6,Tasks!$C$2:$C$137,"G8",Tasks!$Q$2:$Q$137,"Done")&"/"&COUNTIFS(Tasks!$B$2:$B$137,A6,Tasks!$C$2:$C$137,"G8") -> 0/0 | X6: =IFERROR(COUNTIFS(Tasks!$B$2:$B$137,A6,Tasks!$Q$2:$Q$137,"Done")/COUNTIF(Tasks!$B$2:$B$137,A6),0) -> 0 | Y6: =IFERROR(VLOOKUP(A6,DoR!$A$2:$K$12,11,FALSE),"CHƯA SẴN SÀNG") -> CHƯA SẴN SÀNG | Z6: docs/flows/L05-order-processing/
A7: L06 | B7: Vận chuyển & Giao hàng tận tay (phí ship, trạng thái giao, giao thất bại) | C7: Chuỗi khách hàng | D7: Mô phỏng quy trình tính phí vận chuyển và cập nhật trạng thái giao hàng tận tay khách hàng. | E7: Đơn sẵn sàng giao | F7: Khách nhận hàng hoặc giao thất bại | G7: L05 | H7: L07 (Đã giao là mốc tính 7 ngày) | I7: Trần Ngọc Minh Tuyền | J7: Nguyễn Tấn Phát | K7: Lê Nguyễn Quốc An | L7: Nguyễn Ngọc Thảo Uyên | M7: Should | N7: 46320 | O7: Không | P7: =COUNTIFS(Tasks!$B$2:$B$137,A7,Tasks!$C$2:$C$137,"G1",Tasks!$Q$2:$Q$137,"Done")&"/"&COUNTIFS(Tasks!$B$2:$B$137,A7,Tasks!$C$2:$C$137,"G1") -> 0/0 | Q7: =COUNTIFS(Tasks!$B$2:$B$137,A7,Tasks!$C$2:$C$137,"G2",Tasks!$Q$2:$Q$137,"Done")&"/"&COUNTIFS(Tasks!$B$2:$B$137,A7,Tasks!$C$2:$C$137,"G2") -> 0/0 | R7: =COUNTIFS(Tasks!$B$2:$B$137,A7,Tasks!$C$2:$C$137,"G3",Tasks!$Q$2:$Q$137,"Done")&"/"&COUNTIFS(Tasks!$B$2:$B$137,A7,Tasks!$C$2:$C$137,"G3") -> 0/0 | S7: =COUNTIFS(Tasks!$B$2:$B$137,A7,Tasks!$C$2:$C$137,"G4",Tasks!$Q$2:$Q$137,"Done")&"/"&COUNTIFS(Tasks!$B$2:$B$137,A7,Tasks!$C$2:$C$137,"G4") -> 0/0 | T7: =COUNTIFS(Tasks!$B$2:$B$137,A7,Tasks!$C$2:$C$137,"G5",Tasks!$Q$2:$Q$137,"Done")&"/"&COUNTIFS(Tasks!$B$2:$B$137,A7,Tasks!$C$2:$C$137,"G5") -> 0/0 | U7: =COUNTIFS(Tasks!$B$2:$B$137,A7,Tasks!$C$2:$C$137,"G6",Tasks!$Q$2:$Q$137,"Done")&"/"&COUNTIFS(Tasks!$B$2:$B$137,A7,Tasks!$C$2:$C$137,"G6") -> 0/0 | V7: =COUNTIFS(Tasks!$B$2:$B$137,A7,Tasks!$C$2:$C$137,"G7",Tasks!$Q$2:$Q$137,"Done")&"/"&COUNTIFS(Tasks!$B$2:$B$137,A7,Tasks!$C$2:$C$137,"G7") -> 0/0 | W7: =COUNTIFS(Tasks!$B$2:$B$137,A7,Tasks!$C$2:$C$137,"G8",Tasks!$Q$2:$Q$137,"Done")&"/"&COUNTIFS(Tasks!$B$2:$B$137,A7,Tasks!$C$2:$C$137,"G8") -> 0/0 | X7: =IFERROR(COUNTIFS(Tasks!$B$2:$B$137,A7,Tasks!$Q$2:$Q$137,"Done")/COUNTIF(Tasks!$B$2:$B$137,A7),0) -> 0 | Y7: =IFERROR(VLOOKUP(A7,DoR!$A$2:$K$12,11,FALSE),"CHƯA SẴN SÀNG") -> CHƯA SẴN SÀNG | Z7: docs/flows/L06-shipping-delivery/
A8: L07 | B8: Đổi trả & Hoàn tiền (7 ngày, kiểm hàng, hoàn tiền, nhập lại kho) | C8: Chuỗi khách hàng | D8: Tiếp nhận yêu cầu đổi trả trong 7 ngày, kiểm định sản phẩm, thực hiện hoàn tiền và nhập lại kho. | E8: Khách yêu cầu trả hàng | F8: Hoàn tiền xong và tồn kho cập nhật | G8: L06 | H8: L05 (nhập kho & hoàn tiền) | I8: Nguyễn Tấn Phát | J8: Nguyễn Tấn Phát | K8: Lê Nguyễn Quốc An | L8: Nguyễn Ngọc Thảo Uyên | M8: Should | N8: 46320 | O8: Không | P8: =COUNTIFS(Tasks!$B$2:$B$137,A8,Tasks!$C$2:$C$137,"G1",Tasks!$Q$2:$Q$137,"Done")&"/"&COUNTIFS(Tasks!$B$2:$B$137,A8,Tasks!$C$2:$C$137,"G1") -> 0/0 | Q8: =COUNTIFS(Tasks!$B$2:$B$137,A8,Tasks!$C$2:$C$137,"G2",Tasks!$Q$2:$Q$137,"Done")&"/"&COUNTIFS(Tasks!$B$2:$B$137,A8,Tasks!$C$2:$C$137,"G2") -> 0/0 | R8: =COUNTIFS(Tasks!$B$2:$B$137,A8,Tasks!$C$2:$C$137,"G3",Tasks!$Q$2:$Q$137,"Done")&"/"&COUNTIFS(Tasks!$B$2:$B$137,A8,Tasks!$C$2:$C$137,"G3") -> 0/0 | S8: =COUNTIFS(Tasks!$B$2:$B$137,A8,Tasks!$C$2:$C$137,"G4",Tasks!$Q$2:$Q$137,"Done")&"/"&COUNTIFS(Tasks!$B$2:$B$137,A8,Tasks!$C$2:$C$137,"G4") -> 0/0 | T8: =COUNTIFS(Tasks!$B$2:$B$137,A8,Tasks!$C$2:$C$137,"G5",Tasks!$Q$2:$Q$137,"Done")&"/"&COUNTIFS(Tasks!$B$2:$B$137,A8,Tasks!$C$2:$C$137,"G5") -> 0/0 | U8: =COUNTIFS(Tasks!$B$2:$B$137,A8,Tasks!$C$2:$C$137,"G6",Tasks!$Q$2:$Q$137,"Done")&"/"&COUNTIFS(Tasks!$B$2:$B$137,A8,Tasks!$C$2:$C$137,"G6") -> 0/0 | V8: =COUNTIFS(Tasks!$B$2:$B$137,A8,Tasks!$C$2:$C$137,"G7",Tasks!$Q$2:$Q$137,"Done")&"/"&COUNTIFS(Tasks!$B$2:$B$137,A8,Tasks!$C$2:$C$137,"G7") -> 0/0 | W8: =COUNTIFS(Tasks!$B$2:$B$137,A8,Tasks!$C$2:$C$137,"G8",Tasks!$Q$2:$Q$137,"Done")&"/"&COUNTIFS(Tasks!$B$2:$B$137,A8,Tasks!$C$2:$C$137,"G8") -> 0/0 | X8: =IFERROR(COUNTIFS(Tasks!$B$2:$B$137,A8,Tasks!$Q$2:$Q$137,"Done")/COUNTIF(Tasks!$B$2:$B$137,A8),0) -> 0 | Y8: =IFERROR(VLOOKUP(A8,DoR!$A$2:$K$12,11,FALSE),"CHƯA SẴN SÀNG") -> CHƯA SẴN SÀNG | Z8: docs/flows/L07-return-refund/
A9: L08 | B9: Dữ liệu sản phẩm >= 500 SKU (crawl -> làm sạch -> gán taxonomy -> import) | C9: Nền tảng | D9: Thu thập độc lập >= 500 SKU mỹ phẩm thật, chuẩn hóa taxonomy và import vào hệ thống (Rubric 5.4). | E9: Chọn nguồn | F9: >= 500 SKU đã import, đủ 3 taxonomy | G9: Không | H9: L01, L02 | I9: Nguyễn Minh Trí | J9: Nguyễn Tấn Phát | K9: Lê Nguyễn Quốc An | L9: Nguyễn Ngọc Thảo Uyên | M9: Must | N9: 46306 | O9: 46117 | P9: =COUNTIFS(Tasks!$B$2:$B$137,A9,Tasks!$C$2:$C$137,"G1",Tasks!$Q$2:$Q$137,"Done")&"/"&COUNTIFS(Tasks!$B$2:$B$137,A9,Tasks!$C$2:$C$137,"G1") -> 0/0 | Q9: =COUNTIFS(Tasks!$B$2:$B$137,A9,Tasks!$C$2:$C$137,"G2",Tasks!$Q$2:$Q$137,"Done")&"/"&COUNTIFS(Tasks!$B$2:$B$137,A9,Tasks!$C$2:$C$137,"G2") -> 0/0 | R9: =COUNTIFS(Tasks!$B$2:$B$137,A9,Tasks!$C$2:$C$137,"G3",Tasks!$Q$2:$Q$137,"Done")&"/"&COUNTIFS(Tasks!$B$2:$B$137,A9,Tasks!$C$2:$C$137,"G3") -> 0/0 | S9: =COUNTIFS(Tasks!$B$2:$B$137,A9,Tasks!$C$2:$C$137,"G4",Tasks!$Q$2:$Q$137,"Done")&"/"&COUNTIFS(Tasks!$B$2:$B$137,A9,Tasks!$C$2:$C$137,"G4") -> 0/0 | T9: =COUNTIFS(Tasks!$B$2:$B$137,A9,Tasks!$C$2:$C$137,"G5",Tasks!$Q$2:$Q$137,"Done")&"/"&COUNTIFS(Tasks!$B$2:$B$137,A9,Tasks!$C$2:$C$137,"G5") -> 0/0 | U9: =COUNTIFS(Tasks!$B$2:$B$137,A9,Tasks!$C$2:$C$137,"G6",Tasks!$Q$2:$Q$137,"Done")&"/"&COUNTIFS(Tasks!$B$2:$B$137,A9,Tasks!$C$2:$C$137,"G6") -> 0/0 | V9: =COUNTIFS(Tasks!$B$2:$B$137,A9,Tasks!$C$2:$C$137,"G7",Tasks!$Q$2:$Q$137,"Done")&"/"&COUNTIFS(Tasks!$B$2:$B$137,A9,Tasks!$C$2:$C$137,"G7") -> 0/0 | W9: =COUNTIFS(Tasks!$B$2:$B$137,A9,Tasks!$C$2:$C$137,"G8",Tasks!$Q$2:$Q$137,"Done")&"/"&COUNTIFS(Tasks!$B$2:$B$137,A9,Tasks!$C$2:$C$137,"G8") -> 0/0 | X9: =IFERROR(COUNTIFS(Tasks!$B$2:$B$137,A9,Tasks!$Q$2:$Q$137,"Done")/COUNTIF(Tasks!$B$2:$B$137,A9),0) -> 0 | Y9: =IFERROR(VLOOKUP(A9,DoR!$A$2:$K$12,11,FALSE),"CHƯA SẴN SÀNG") -> CHƯA SẴN SÀNG | Z9: docs/flows/L08-product-data/
A10: L09 | B10: Hạ tầng, Triển khai & Hiệu năng | C10: Nền tảng | D10: Đóng gói Docker đồng nhất, deploy Cloud VPS domain HTTPS (Rubric 5.1) và tăng tốc với Redis (Rubric 5.3). | E10: Repo/Docker local | F10: VPS domain HTTPS chạy ổn định, Redis/HPOS, load test | G10: Không | H10: Toàn hệ thống | I10: Lê Nguyễn Quốc An | J10: Nguyễn Tấn Phát | K10: Lê Nguyễn Quốc An | L10: Nguyễn Ngọc Thảo Uyên | M10: Must | N10: 46306 | O10: 5.1, 5.3 | P10: =COUNTIFS(Tasks!$B$2:$B$137,A10,Tasks!$C$2:$C$137,"G1",Tasks!$Q$2:$Q$137,"Done")&"/"&COUNTIFS(Tasks!$B$2:$B$137,A10,Tasks!$C$2:$C$137,"G1") -> 0/0 | Q10: =COUNTIFS(Tasks!$B$2:$B$137,A10,Tasks!$C$2:$C$137,"G2",Tasks!$Q$2:$Q$137,"Done")&"/"&COUNTIFS(Tasks!$B$2:$B$137,A10,Tasks!$C$2:$C$137,"G2") -> 0/0 | R10: =COUNTIFS(Tasks!$B$2:$B$137,A10,Tasks!$C$2:$C$137,"G3",Tasks!$Q$2:$Q$137,"Done")&"/"&COUNTIFS(Tasks!$B$2:$B$137,A10,Tasks!$C$2:$C$137,"G3") -> 0/0 | S10: =COUNTIFS(Tasks!$B$2:$B$137,A10,Tasks!$C$2:$C$137,"G4",Tasks!$Q$2:$Q$137,"Done")&"/"&COUNTIFS(Tasks!$B$2:$B$137,A10,Tasks!$C$2:$C$137,"G4") -> 0/0 | T10: =COUNTIFS(Tasks!$B$2:$B$137,A10,Tasks!$C$2:$C$137,"G5",Tasks!$Q$2:$Q$137,"Done")&"/"&COUNTIFS(Tasks!$B$2:$B$137,A10,Tasks!$C$2:$C$137,"G5") -> 0/0 | U10: =COUNTIFS(Tasks!$B$2:$B$137,A10,Tasks!$C$2:$C$137,"G6",Tasks!$Q$2:$Q$137,"Done")&"/"&COUNTIFS(Tasks!$B$2:$B$137,A10,Tasks!$C$2:$C$137,"G6") -> 0/0 | V10: =COUNTIFS(Tasks!$B$2:$B$137,A10,Tasks!$C$2:$C$137,"G7",Tasks!$Q$2:$Q$137,"Done")&"/"&COUNTIFS(Tasks!$B$2:$B$137,A10,Tasks!$C$2:$C$137,"G7") -> 0/0 | W10: =COUNTIFS(Tasks!$B$2:$B$137,A10,Tasks!$C$2:$C$137,"G8",Tasks!$Q$2:$Q$137,"Done")&"/"&COUNTIFS(Tasks!$B$2:$B$137,A10,Tasks!$C$2:$C$137,"G8") -> 0/0 | X10: =IFERROR(COUNTIFS(Tasks!$B$2:$B$137,A10,Tasks!$Q$2:$Q$137,"Done")/COUNTIF(Tasks!$B$2:$B$137,A10),0) -> 0 | Y10: =IFERROR(VLOOKUP(A10,DoR!$A$2:$K$12,11,FALSE),"CHƯA SẴN SÀNG") -> CHƯA SẴN SÀNG | Z10: docs/flows/L09-infra-devops/
A11: L10 | B11: Tự động hóa & API (Selenium + REST cùng 3 tác vụ) | C11: Nền tảng | D11: Tự động hóa kiểm thử Selenium (Rubric 5.5) và cung cấp REST API độc lập (Rubric 5.6) cho 3 tác vụ quản trị. | E11: Có đơn và sản phẩm mẫu | F11: 2 script chạy thành công | G11: L05, L08 | H11: Báo cáo môn học | I11: Nguyễn Ngọc Thảo Uyên | J11: Nguyễn Tấn Phát | K11: Lê Nguyễn Quốc An | L11: Bùi Hiếu Nhân | M11: Must | N11: 46327 | O11: 5.5, 5.6 | P11: =COUNTIFS(Tasks!$B$2:$B$137,A11,Tasks!$C$2:$C$137,"G1",Tasks!$Q$2:$Q$137,"Done")&"/"&COUNTIFS(Tasks!$B$2:$B$137,A11,Tasks!$C$2:$C$137,"G1") -> 0/0 | Q11: =COUNTIFS(Tasks!$B$2:$B$137,A11,Tasks!$C$2:$C$137,"G2",Tasks!$Q$2:$Q$137,"Done")&"/"&COUNTIFS(Tasks!$B$2:$B$137,A11,Tasks!$C$2:$C$137,"G2") -> 0/0 | R11: =COUNTIFS(Tasks!$B$2:$B$137,A11,Tasks!$C$2:$C$137,"G3",Tasks!$Q$2:$Q$137,"Done")&"/"&COUNTIFS(Tasks!$B$2:$B$137,A11,Tasks!$C$2:$C$137,"G3") -> 0/0 | S11: =COUNTIFS(Tasks!$B$2:$B$137,A11,Tasks!$C$2:$C$137,"G4",Tasks!$Q$2:$Q$137,"Done")&"/"&COUNTIFS(Tasks!$B$2:$B$137,A11,Tasks!$C$2:$C$137,"G4") -> 0/0 | T11: =COUNTIFS(Tasks!$B$2:$B$137,A11,Tasks!$C$2:$C$137,"G5",Tasks!$Q$2:$Q$137,"Done")&"/"&COUNTIFS(Tasks!$B$2:$B$137,A11,Tasks!$C$2:$C$137,"G5") -> 0/0 | U11: =COUNTIFS(Tasks!$B$2:$B$137,A11,Tasks!$C$2:$C$137,"G6",Tasks!$Q$2:$Q$137,"Done")&"/"&COUNTIFS(Tasks!$B$2:$B$137,A11,Tasks!$C$2:$C$137,"G6") -> 0/0 | V11: =COUNTIFS(Tasks!$B$2:$B$137,A11,Tasks!$C$2:$C$137,"G7",Tasks!$Q$2:$Q$137,"Done")&"/"&COUNTIFS(Tasks!$B$2:$B$137,A11,Tasks!$C$2:$C$137,"G7") -> 0/0 | W11: =COUNTIFS(Tasks!$B$2:$B$137,A11,Tasks!$C$2:$C$137,"G8",Tasks!$Q$2:$Q$137,"Done")&"/"&COUNTIFS(Tasks!$B$2:$B$137,A11,Tasks!$C$2:$C$137,"G8") -> 0/0 | X11: =IFERROR(COUNTIFS(Tasks!$B$2:$B$137,A11,Tasks!$Q$2:$Q$137,"Done")/COUNTIF(Tasks!$B$2:$B$137,A11),0) -> 0 | Y11: =IFERROR(VLOOKUP(A11,DoR!$A$2:$K$12,11,FALSE),"CHƯA SẴN SÀNG") -> CHƯA SẴN SÀNG | Z11: docs/flows/L10-automation-api/
A12: L00 | B12: Quản trị dự án, Báo cáo & Demo (Kanban, Daily, chương báo cáo, slide, video 4K, tổng duyệt) | C12: Nền tảng | D12: Quản trị tiến độ Agile/Scrum, kiểm soát tài liệu báo cáo Word, slide và tổ chức Demo Day hoàn hảo. | E12: Kickoff | F12: Demo Day | G12: Toàn hệ thống | H12: Giảng viên & Hội đồng | I12: Lê Nguyễn Quốc An | J12: Nguyễn Tấn Phát | K12: Lê Nguyễn Quốc An | L12: Nguyễn Ngọc Thảo Uyên | M12: Must | N12: 46306 | O12: Không | P12: =COUNTIFS(Tasks!$B$2:$B$137,A12,Tasks!$C$2:$C$137,"G1",Tasks!$Q$2:$Q$137,"Done")&"/"&COUNTIFS(Tasks!$B$2:$B$137,A12,Tasks!$C$2:$C$137,"G1") -> 0/0 | Q12: =COUNTIFS(Tasks!$B$2:$B$137,A12,Tasks!$C$2:$C$137,"G2",Tasks!$Q$2:$Q$137,"Done")&"/"&COUNTIFS(Tasks!$B$2:$B$137,A12,Tasks!$C$2:$C$137,"G2") -> 0/0 | R12: =COUNTIFS(Tasks!$B$2:$B$137,A12,Tasks!$C$2:$C$137,"G3",Tasks!$Q$2:$Q$137,"Done")&"/"&COUNTIFS(Tasks!$B$2:$B$137,A12,Tasks!$C$2:$C$137,"G3") -> 0/0 | S12: =COUNTIFS(Tasks!$B$2:$B$137,A12,Tasks!$C$2:$C$137,"G4",Tasks!$Q$2:$Q$137,"Done")&"/"&COUNTIFS(Tasks!$B$2:$B$137,A12,Tasks!$C$2:$C$137,"G4") -> 0/0 | T12: =COUNTIFS(Tasks!$B$2:$B$137,A12,Tasks!$C$2:$C$137,"G5",Tasks!$Q$2:$Q$137,"Done")&"/"&COUNTIFS(Tasks!$B$2:$B$137,A12,Tasks!$C$2:$C$137,"G5") -> 0/0 | U12: =COUNTIFS(Tasks!$B$2:$B$137,A12,Tasks!$C$2:$C$137,"G6",Tasks!$Q$2:$Q$137,"Done")&"/"&COUNTIFS(Tasks!$B$2:$B$137,A12,Tasks!$C$2:$C$137,"G6") -> 0/0 | V12: =COUNTIFS(Tasks!$B$2:$B$137,A12,Tasks!$C$2:$C$137,"G7",Tasks!$Q$2:$Q$137,"Done")&"/"&COUNTIFS(Tasks!$B$2:$B$137,A12,Tasks!$C$2:$C$137,"G7") -> 0/0 | W12: =COUNTIFS(Tasks!$B$2:$B$137,A12,Tasks!$C$2:$C$137,"G8",Tasks!$Q$2:$Q$137,"Done")&"/"&COUNTIFS(Tasks!$B$2:$B$137,A12,Tasks!$C$2:$C$137,"G8") -> 0/0 | X12: =IFERROR(COUNTIFS(Tasks!$B$2:$B$137,A12,Tasks!$Q$2:$Q$137,"Done")/COUNTIF(Tasks!$B$2:$B$137,A12),0) -> 0 | Y12: =IFERROR(VLOOKUP(A12,DoR!$A$2:$K$12,11,FALSE),"CHƯA SẴN SÀNG") -> CHƯA SẴN SÀNG | Z12: docs/flows/L00-project-management/

Sheet RACI
A1: Mã luồng | B1: Tên luồng | C1: Nguyễn Tấn Phát | D1: Lê Nguyễn Quốc An | E1: Lâm Trúc Uyên | F1: Huỳnh Ngọc Nhã Uyên | G1: Bùi Hiếu Nhân | H1: Nguyễn Minh Trí | I1: Trần Ngọc Minh Tuyền | J1: Nguyễn Ngọc Thảo Uyên | K1: Kiểm tra
A2: L01 | B2: Quiz chẩn đoán da & Routine cá nhân hóa | C2: R | D2: C | E2: I | F2: R | G2: A | H2: I | I2: I | J2: C | K2: =IF(COUNTIF(C2:J2,"A")=1,"ĐẠT","LỖI") -> ĐẠT
A3: L02 | B3: Khám phá & chọn sản phẩm (Catalog, lọc, chi tiết) | C3: R | D3: I | E3: A | F3: C | G3: I | H3: R | I3: I | J3: C | K3: =IF(COUNTIF(C3:J3,"A")=1,"ĐẠT","LỖI") -> ĐẠT
A4: L03 | B4: Giỏ hàng & Combo Routine | C4: C | D4: I | E4: C | F4: A | G4: I | H4: R | I4: I | J4: C | K4: =IF(COUNTIF(C4:J4,"A")=1,"ĐẠT","LỖI") -> ĐẠT
A5: L04 | B5: Checkout & Thanh toán (COD, VietQR, VNPay Sandbox) | C5: C | D5: I | E5: I | F5: R | G5: I | H5: I | I5: A | J5: C | K5: =IF(COUNTIF(C5:J5,"A")=1,"ĐẠT","LỖI") -> ĐẠT
A6: L05 | B6: Xử lý đơn hàng & Thông báo (vòng đời đơn, HPOS, tồn kho, email hóa đơn) | C6: R | D6: C | E6: I | F6: I | G6: I | H6: A | I6: R | J6: C | K6: =IF(COUNTIF(C6:J6,"A")=1,"ĐẠT","LỖI") -> ĐẠT
A7: L06 | B7: Vận chuyển & Giao hàng tận tay (phí ship, trạng thái giao, giao thất bại) | C7: C | D7: I | E7: R | F7: I | G7: I | H7: R | I7: A | J7: C | K7: =IF(COUNTIF(C7:J7,"A")=1,"ĐẠT","LỖI") -> ĐẠT
A8: L07 | B8: Đổi trả & Hoàn tiền (7 ngày, kiểm hàng, hoàn tiền, nhập lại kho) | C8: A | D8: C | E8: R | F8: I | G8: R | H8: C | I8: R | J8: C | K8: =IF(COUNTIF(C8:J8,"A")=1,"ĐẠT","LỖI") -> ĐẠT
A9: L08 | B9: Dữ liệu sản phẩm >= 500 SKU (crawl -> làm sạch -> gán taxonomy -> import) | C9: R | D9: I | E9: I | F9: I | G9: C | H9: A | I9: I | J9: R | K9: =IF(COUNTIF(C9:J9,"A")=1,"ĐẠT","LỖI") -> ĐẠT
A10: L09 | B10: Hạ tầng, Triển khai & Hiệu năng | C10: C | D10: A | E10: I | F10: I | G10: C | H10: R | I10: C | J10: R | K10: =IF(COUNTIF(C10:J10,"A")=1,"ĐẠT","LỖI") -> ĐẠT
A11: L10 | B11: Tự động hóa & API (Selenium + REST cùng 3 tác vụ) | C11: C | D11: C | E11: I | F11: I | G11: R | H11: C | I11: R | J11: A | K11: =IF(COUNTIF(C11:J11,"A")=1,"ĐẠT","LỖI") -> ĐẠT
A12: L00 | B12: Quản trị dự án, Báo cáo & Demo | C12: R | D12: A | E12: C | F12: I | G12: I | H12: I | I12: I | J12: C | K12: =IF(COUNTIF(C12:J12,"A")=1,"ĐẠT","LỖI") -> ĐẠT

Sheet DoR
A1: Mã luồng | B1: Tên luồng | C1: (1) Flow Card đủ mục | D1: (2) Sơ đồ luồng chính đã vẽ và PO duyệt | E1: (3) Trạng thái/State đã định nghĩa | F1: (4) Dữ liệu, bảng, meta, taxonomy đã liệt kê | G1: (5) Endpoint/hook đã chốt | H1: (6) Tiêu chí chấp nhận >= 5 (Given-When-Then) | I1: (7) Ràng buộc kỹ thuật đã ghi | J1: (8) Dữ liệu/kịch bản test mẫu | K1: Trạng thái DoR
A2: L01 | B2: Luồng 01 | C2: FALSE | D2: FALSE | E2: FALSE | F2: FALSE | G2: FALSE | H2: FALSE | I2: FALSE | J2: FALSE | K2: =IF(COUNTIF(C2:J2,TRUE)=8,"SẴN SÀNG PROMPT","CHƯA SẴN SÀNG") -> CHƯA SẴN SÀNG
A3: L02 | B3: Luồng 02 | C3: FALSE | D3: FALSE | E3: FALSE | F3: FALSE | G3: FALSE | H3: FALSE | I3: FALSE | J3: FALSE | K3: =IF(COUNTIF(C3:J3,TRUE)=8,"SẴN SÀNG PROMPT","CHƯA SẴN SÀNG") -> CHƯA SẴN SÀNG
A4: L03 | B4: Luồng 03 | C4: FALSE | D4: FALSE | E4: FALSE | F4: FALSE | G4: FALSE | H4: FALSE | I4: FALSE | J4: FALSE | K4: =IF(COUNTIF(C4:J4,TRUE)=8,"SẴN SÀNG PROMPT","CHƯA SẴN SÀNG") -> CHƯA SẴN SÀNG
A5: L04 | B5: Luồng 04 | C5: FALSE | D5: FALSE | E5: FALSE | F5: FALSE | G5: FALSE | H5: FALSE | I5: FALSE | J5: FALSE | K5: =IF(COUNTIF(C5:J5,TRUE)=8,"SẴN SÀNG PROMPT","CHƯA SẴN SÀNG") -> CHƯA SẴN SÀNG
A6: L05 | B6: Luồng 05 | C6: FALSE | D6: FALSE | E6: FALSE | F6: FALSE | G6: FALSE | H6: FALSE | I6: FALSE | J6: FALSE | K6: =IF(COUNTIF(C6:J6,TRUE)=8,"SẴN SÀNG PROMPT","CHƯA SẴN SÀNG") -> CHƯA SẴN SÀNG
A7: L06 | B7: Luồng 06 | C7: FALSE | D7: FALSE | E7: FALSE | F7: FALSE | G7: FALSE | H7: FALSE | I7: FALSE | J7: FALSE | K7: =IF(COUNTIF(C7:J7,TRUE)=8,"SẴN SÀNG PROMPT","CHƯA SẴN SÀNG") -> CHƯA SẴN SÀNG
A8: L07 | B8: Luồng 07 | C8: FALSE | D8: FALSE | E8: FALSE | F8: FALSE | G8: FALSE | H8: FALSE | I8: FALSE | J8: FALSE | K8: =IF(COUNTIF(C8:J8,TRUE)=8,"SẴN SÀNG PROMPT","CHƯA SẴN SÀNG") -> CHƯA SẴN SÀNG
A9: L08 | B9: Luồng 08 | C9: TRUE | D9: TRUE | E9: TRUE | F9: TRUE | G9: TRUE | H9: TRUE | I9: TRUE | J9: TRUE | K9: =IF(COUNTIF(C9:J9,TRUE)=8,"SẴN SÀNG PROMPT","CHƯA SẴN SÀNG") -> SẴN SÀNG PROMPT
A10: L09 | B10: Luồng 09 | C10: TRUE | D10: TRUE | E10: TRUE | F10: TRUE | G10: TRUE | H10: TRUE | I10: TRUE | J10: TRUE | K10: =IF(COUNTIF(C10:J10,TRUE)=8,"SẴN SÀNG PROMPT","CHƯA SẴN SÀNG") -> SẴN SÀNG PROMPT
A11: L10 | B11: Luồng 10 | C11: FALSE | D11: FALSE | E11: FALSE | F11: FALSE | G11: FALSE | H11: FALSE | I11: FALSE | J11: FALSE | K11: =IF(COUNTIF(C11:J11,TRUE)=8,"SẴN SÀNG PROMPT","CHƯA SẴN SÀNG") -> CHƯA SẴN SÀNG
A12: L00 | B12: Luồng 00 | C12: FALSE | D12: FALSE | E12: FALSE | F12: FALSE | G12: FALSE | H12: FALSE | I12: FALSE | J12: FALSE | K12: =IF(COUNTIF(C12:J12,TRUE)=8,"SẴN SÀNG PROMPT","CHƯA SẴN SÀNG") -> CHƯA SẴN SÀNG

Sheet Prompt Log
A1: Mã prompt | B1: Mã task | C1: Luồng | D1: Người viết | E1: Agent/Model | F1: Phiên bản | G1: Tài liệu đính kèm | H1: Nội dung prompt | I1: Kết quả | J1: Lý do sửa | K1: Link PR | L1: Ngày
A2: PRM-01 (VÍ DỤ) | B2: L01-G4-01 | C2: L01 | D2: Bùi Hiếu Nhân | E2: Claude 3.5 Sonnet | F2: v1.0 | G2: docs/flows/L01-quiz-routine/flow-card.md | H2: Dựa trên Flow Card L01 và cấu trúc bảng wp_options, hãy sinh class Quiz_Engine xử lý tính điểm weighted tag matching... | I2: Cần sửa | J2: Thiếu kiểm tra nonce CSRF trong REST endpoint, đã bổ sung tay trước khi mở PR | K2: https://github.com/QuocAn0303/KLEER/pull/12 | L2: 46307

Sheet Mẫu Prompt
A1: HƯỚNG DẪN SỬ DỤNG MẪU PROMPT CHO AI AGENT
A2: 1. Đọc kỹ Flow Card và sơ đồ đã được PO/SM duyệt tại cổng G3 trước khi điền thông tin.
A3: 2. Thay thế toàn bộ các phần trong ngoặc vuông [...] bằng đặc tả chi tiết của module cần sinh code.
A4: 3. Không tự ý chỉnh sửa các ràng buộc tại mục 'KHÔNG ĐƯỢC LÀM' để bảo đảm tính kỷ luật của repo.
A6: # BỐI CẢNH Dự án KLEER: website TMĐT mỹ phẩm Unisex trên WordPress/WooCommerce, chạy Docker (nginx, php 8.2-fpm, mariadb 10.11, redis). Theme: wp-content/themes/kleer-theme/. Plugin: wp-content/plugins/kleer-plugin/. Không sửa WordPress Core. Không dùng Elementor/WPBakery. Chuẩn code: PHP theo PSR-12, JS ES6+. Mọi thay đổi qua Pull Request vào nhánh develop. # LUỒNG VÀ NHIỆM VỤ Luồng: [Lxx – tên luồng] Nhiệm vụ cụ thể (1 việc, 1 đầu ra): [mô tả] # ĐẦU VÀO (đính kèm hoặc dán vào) - Flow Card: [link/nội dung] - Sơ đồ: [link/mermaid] - Endpoint/Hook đã chốt: [request/response mẫu] - Dữ liệu liên quan: [bảng, meta, taxonomy] # ĐẦU RA MONG ĐỢI - Danh sách file cần tạo/sửa (đường dẫn đầy đủ) - Hàm/class/hook chính và chữ ký - Cách chạy thử trong Docker # TIÊU CHÍ CHẤP NHẬN (Given–When–Then) [≥ 5 ca, gồm ≥ 2 ca ngoại lệ] # KHÔNG ĐƯỢC LÀM - Không sửa file ngoài phạm vi nêu trên - Không commit .env, secret - Không thêm thư viện mới nếu chưa hỏi # YÊU CẦU CUỐI Liệt kê các giả định đã dùng và những chỗ cần người review kiểm tra kỹ.

Sheet Cần chốt
A1: STT | B1: Vấn đề | C1: Phương án mặc định | D1: Ai chốt | E1: Hạn chốt | F1: Trạng thái
A2: 1 | B2: Tên thư mục và REST namespace | C2: Sổ tay dùng unisex-theme và unisex-quiz-engine nhưng repo dùng kleer-theme và kleer-plugin. Mặc định: theo repo cho thư mục; namespace REST cần chốt trước khi Nhân viết endpoint (Tuần 7). giữ kleer/v1 | D2: Lê Nguyễn Quốc An | E2: 46327 | F2: Đã chốt
A3: 2 | B3: Phạm vi L06 Giao hàng | C3: Mặc định mô phỏng bằng trạng thái đơn tùy biến (Đóng gói, Đang giao, Đã giao, Giao thất bại), chưa tích hợp API hãng vận chuyển để tránh quá tải. | D3: Lê Nguyễn Quốc An + Nguyễn Tấn Phát | E3: 46313 | F3: Đã thống nhất sơ bộ
A4: 3 | B4: Phạm vi L07 Hoàn tiền | C4: Mặc định dùng refund có sẵn của WooCommerce và nhập lại kho; chưa gọi API hoàn tiền của VNPay Sandbox. | D4: Nguyễn Tấn Phát + Trần Ngọc Minh Tuyền | E4: 46313 | F4: Đã thống nhất sơ bộ
A5: 4 | B5: Chính sách đổi trả 7 ngày | C5: 7 ngày tính từ ngày "Đã giao" hay ngày đặt hàng? Điều kiện hàng trả (chưa mở seal, lỗi nhà sản xuất)? | D5: Nguyễn Tấn Phát | E5: 46320 | F5: Đang chờ
A6: 5 | B6: Danh sách trạng thái đơn hàng chuẩn | C6: Cần định nghĩa danh sách trạng thái chuẩn gồm cả trạng thái đổi trả và giao hàng để đồng bộ HPOS. | D6: Nguyễn Tấn Phát + Nguyễn Minh Trí | E6: 46313 | F6: Đang chờ
A7: 6 | B7: Combo subscription (nhắc trong Lean Canvas) | C7: Có làm không? Mặc định: không làm (Could) để tập trung vào luồng cốt lõi. | D7: Nguyễn Tấn Phát | E7: 46306 | F7: Đã thống nhất bỏ qua
A8: 7 | B8: Tên thương hiệu dùng trong báo cáo và domain | C8: KLEER hay "Unisex Skincare"? Mặc định chọn KLEER làm tên thương hiệu thương mại. | D8: Nguyễn Tấn Phát + Lê Nguyễn Quốc An | E8: 46306 | F8: Đã chọn KLEER
A9: 8 | B9: Trạng thái Tuần 6 trong sheet cũ | C9: Trạng thái (Đang thực hiện/Đang review) nhìn như dữ liệu mẫu, đã đặt lại về Backlog trong hệ thống mới. | D9: Lê Nguyễn Quốc An | E9: 46299 | F9: Đã chốt về Backlog
A10: 9 | B10: Quy ước viết prompt cho AI agent | C10: Ai được dùng agent nào, bắt buộc ghi Prompt Log cho mọi prompt sinh code hay chỉ với module chính. | D10: Lê Nguyễn Quốc An | E10: 46306 | F10: Đang chờ

Sheet Đối chiếu task cũ
A1: Mã cũ | B1: Tuần cũ | C1: Thành viên cũ | D1: Tóm tắt cũ | E1: DoD cũ | F1: Trạng thái cũ | G1: Mã task mới tương ứng | H1: Luồng | I1: Ghi chú tách/gộp | J1: Đã map?
A2: TASK-01 | B2: Tuần 01 | C2: Nguyễn Tấn Phát | D2: Khảo sát thị trường Unisex Skincare, phân tích chân dung khách hàng Gen Z và người bận rộn; Viết đề cương chi tiết Chương 1 Báo cáo (Lý do chọn đề tài, mục tiêu, phạm vi). | E2: Bản thảo Chương 1 file Word (tối thiểu 3 trang), có số liệu thị trường kèm trích dẫn nguồn uy tín. | F2: Đang thực hiện | G2: L00-G1-01 | H2: L00 | I2: Chuyển thành task G1 nghiên cứu thị trường của luồng Quản trị L00 | J2: =IF(COUNTIF(Tasks!$S$2:$S$137,"*"&A2&"*")>0,"ĐÃ MAP","CHƯA MAP") -> #ERROR!
A3: TASK-02 | B3: Tuần 01 | C3: Lê Nguyễn Quốc An | D3: Khởi tạo GitHub repo, cấu hình nhánh main/develop, branch protection; Viết docker-compose.yml chuẩn (Nginx, PHP 8.2-FPM, MariaDB 10.11, Redis, phpMyAdmin). | E3: 100% 8 thành viên khởi động thành công web local qua Docker trong 1 lệnh không lỗi port/môi trường. | F3: Hoàn thành | G3: L09-G5-01 | H3: L09 | I3: Chuyển thành task G5 khởi tạo Docker stack của luồng Hạ tầng L09 (Rubric 5.1) | J3: =IF(COUNTIF(Tasks!$S$2:$S$137,"*"&A3&"*")>0,"ĐÃ MAP","CHƯA MAP") -> #ERROR!
A4: TASK-03 | B4: Tuần 01 | C4: Bùi Hiếu Nhân | D4: Nghiên cứu cấu trúc phát triển Plugin WordPress OOP Boilerplate; Lập kế hoạch kiến trúc thư mục Custom Plugin tách biệt hoàn toàn khỏi Theme. | E4: Tài liệu cấu trúc Plugin: Tách biệt rõ Controllers, Models, Services và Endpoints. | F4: Hoàn thành | G4: L09-G1-01 | H4: L09 | I4: Chuyển thành task G1 nghiên cứu kiến trúc Custom Plugin OOP Boilerplate | J4: =IF(COUNTIF(Tasks!$S$2:$S$137,"*"&A4&"*")>0,"ĐÃ MAP","CHƯA MAP") -> #ERROR!
A5: TASK-04 | B5: Tuần 01 | C5: Trần Ngọc Minh Tuyền | D5: Nghiên cứu tài liệu kỹ thuật tích hợp cổng thanh toán trực tuyến tại Việt Nam (VNPay Sandbox, Momo Sandbox, COD, VietQR); Đăng ký tài khoản Sandbox. | E5: Tài khoản VNPay/Momo Sandbox được kích hoạt, có đầy đủ TmnCode và HashSecret. | F5: Đang thực hiện | G5: L04-G1-01 | H5: L04 | I5: Chuyển thành task G1 nghiên cứu cổng thanh toán Sandbox của luồng Checkout L04 (Rubric 5.2) | J5: =IF(COUNTIF(Tasks!$S$2:$S$137,"*"&A5&"*")>0,"ĐÃ MAP","CHƯA MAP") -> #ERROR!
A6: TASK-05 | B6: Tuần 01 | C6: Lâm Trúc Uyên | D6: Nghiên cứu phong cách thiết kế Unisex Skincare (Minimalist, tone màu Earthy Tone, font sans-serif); Tạo Moodboard và Design Tokens. | E6: Bảng Design Guidelines (PDF/Figma link) được PO và nhóm thống nhất thông qua. | F6: Hoàn thành | G6: L02-G1-01 | H6: L02 | I6: Chuyển thành task G1 nghiên cứu phong cách thiết kế Unisex Skincare của luồng Catalog L02 | J6: =IF(COUNTIF(Tasks!$S$2:$S$137,"*"&A6&"*")>0,"ĐÃ MAP","CHƯA MAP") -> #ERROR!
A7: TASK-06 | B7: Tuần 01 | C7: Huỳnh Ngọc Nhã Uyên | D7: Nghiên cứu cơ chế tương tác (Micro-interactions) của Quiz mỹ phẩm hàng đầu (Curology, Function of Beauty, Sephora); Lên ý tưởng trải nghiệm UX. | E7: Bản phân tích UX Benchmark kèm đề xuất hiệu ứng chuyển cảnh cho đồ án. | F7: Hoàn thành | G7: L01-G1-01 | H7: L01 | I7: Chuyển thành task G1 nghiên cứu UX Benchmark Quiz của luồng Quiz L01 | J7: =IF(COUNTIF(Tasks!$S$2:$S$137,"*"&A7&"*")>0,"ĐÃ MAP","CHƯA MAP") -> #ERROR!
A8: TASK-07 | B8: Tuần 01 | C8: Nguyễn Ngọc Thảo Uyên | D8: Xây dựng Test Plan tổng thể cho dự án: Phạm vi, chiến lược kiểm thử, định nghĩa Severity (Critical, Major, Minor); Thiết lập Bug Report template trên GitHub Issues. | E8: Tài liệu Test Plan hoàn chỉnh; mẫu GitHub Issue Template cho Bug Report hoạt động. | F8: Hoàn thành | G8: L10-G1-01 | H8: L10 | I8: Chuyển thành task G1 xây dựng Test Plan tổng thể của luồng Tự động hóa L10 | J8: =IF(COUNTIF(Tasks!$S$2:$S$137,"*"&A8&"*")>0,"ĐÃ MAP","CHƯA MAP") -> #ERROR!
A9: TASK-08 | B9: Tuần 01 | C9: Nguyễn Minh Trí | D9: Phân tích cấu trúc HTML các website mỹ phẩm uy tín (Hasaki, Cocoon, Paula's Choice); Lựa chọn giải pháp kỹ thuật viết Web Crawler (Python BeautifulSoup/Playwright). | E9: Tài liệu phân tích cấu trúc DOM trang nguồn và script thử nghiệm lấy được 5 sản phẩm mẫu. | F9: Hoàn thành | G9: L08-G1-01 | H9: L08 | I9: Chuyển thành task G1 phân tích DOM website nguồn của luồng Dữ liệu L08 (Rubric 5.4) | J9: =IF(COUNTIF(Tasks!$S$2:$S$137,"*"&A9&"*")>0,"ĐÃ MAP","CHƯA MAP") -> #ERROR!
A10: TASK-09 | B10: Tuần 02 | C10: Nguyễn Tấn Phát | D10: Lập Lean Canvas, xác định mô hình doanh thu B2C (bán lẻ + combo subscription); Phân tích SWOT hệ thống với 4 chiến lược kết hợp (SO, WO, ST, WT). | E10: Hoàn thiện Chương 1 & 2 file Báo cáo; ma trận SWOT có ít nhất 4 yếu tố trên mỗi góc phân tích. | F10: Chưa bắt đầu | G10: L00-G1-02 | H10: L00 | I10: Chuyển thành task G1 lập Lean Canvas & SWOT của luồng Quản trị L00 | J10: =IF(COUNTIF(Tasks!$S$2:$S$137,"*"&A10&"*")>0,"ĐÃ MAP","CHƯA MAP") -> #ERROR!
A11: TASK-10 | B11: Tuần 02 | C11: Lê Nguyễn Quốc An | D11: Thiết lập Kanban Board trên Trello/Notion, tạo các cột trạng thái; Vận hành nghi thức Daily Async Standup hằng ngày lúc 22:00. | E11: Bảng quản lý công việc trực tuyến hoạt động; 100% thành viên cập nhật báo cáo tiến độ đúng giờ. | F11: Đang thực hiện | G11: L00-G1-03 | H11: L00 | I11: Chuyển thành task G1 thiết lập Kanban Board & Daily Standup của luồng Quản trị L00 | J11: =IF(COUNTIF(Tasks!$S$2:$S$137,"*"&A11&"*")>0,"ĐÃ MAP","CHƯA MAP") -> #ERROR!
A12: TASK-11 | B12: Tuần 02 | C12: Bùi Hiếu Nhân | D12: Khởi tạo Custom Plugin trong thư mục /wp-content/plugins/unisex-quiz-engine/; Thiết lập cơ chế kích hoạt (Activation Hook), hủy kích hoạt (Deactivation Hook) và autoloader. | E12: Plugin kích hoạt an toàn trong WP-Admin mà không sinh lỗi PHP Warning/Notice. | F12: Chưa bắt đầu | G12: L01-G5-01 | H12: L01 | I12: Chuyển thành task G5 khởi tạo kleer-plugin với activation/deactivation hooks của luồng Quiz L01 | J12: =IF(COUNTIF(Tasks!$S$2:$S$137,"*"&A12&"*")>0,"ĐÃ MAP","CHƯA MAP") -> #ERROR!
A13: TASK-12 | B13: Tuần 02 | C13: Trần Ngọc Minh Tuyền | D13: Cấu hình phương thức thanh toán truyền thống trong WooCommerce: Thanh toán khi nhận hàng (COD) và Chuyển khoản ngân hàng (BACS) với mã VietQR tự sinh theo số tiền đơn. | E13: Khách hàng có thể chọn COD hoặc quét mã VietQR thành công ở màn hình Thank You page. | F13: Chưa bắt đầu | G13: L04-G5-01 | H13: L04 | I13: Chuyển thành task G5 cấu hình phương thức thanh toán COD & VietQR của luồng Checkout L04 (Rubric 5.2) | J13: =IF(COUNTIF(Tasks!$S$2:$S$137,"*"&A13&"*")>0,"ĐÃ MAP","CHƯA MAP") -> #ERROR!
... A81: TASK-80 | B81: Tuần 10 | C81: Nguyễn Minh Trí | D81: Đóng gói toàn bộ mã nguồn script Crawler vào repository kèm requirements.txt; Viết mục báo cáo kỹ thuật về Web Crawler (Mục 5.4) và Tối ưu HPOS/Redis. | E81: Mục 5.4 trong báo cáo đầy đủ mã nguồn, hình ảnh minh chứng quá trình cào dữ liệu đúng Rubric. | F81: Chưa bắt đầu | G81: L08-G8-01 | H81: L08 | I81: Chuyển thành task G8 đóng gói script Crawler repo & báo cáo 5.4 của luồng Dữ liệu L08 (Rubric 5.4) | J81: =IF(COUNTIF(Tasks!$S$2:$S$137,"*"&A81&"*")>0,"ĐÃ MAP","CHƯA MAP") -> #ERROR!

Sheet Tasks
A1: Mã task | B1: Luồng | C1: Cổng | D1: Tên việc | E1: Mô tả chi tiết | F1: Đầu vào cần có | G1: Sản phẩm bàn giao | H1: Thư mục Drive quy định | I1: Tên file bản vẽ chuẩn (.drawio/Figma) | J1: Quy tắc & Prompt Rule (Ràng buộc AI) | K1: DoD (đo được) | L1: Người thực hiện | M1: Vai trò | N1: Người duyệt | O1: Tuần | P1: Bắt đầu | Q1: Hạn | R1: Phụ thuộc | S1: Ưu tiên | T1: Trạng thái | U1: Rubric | V1: Mã task cũ | W1: Link bàn giao (PR / Drive / Figma) | X1: Ghi chú | Y1: Cảnh báo
A2: L02-G1-01 | B2: L02 | C2: G1 | D2: Nghiên cứu phong cách thiết kế Unisex Skincare (Minimalist, tone màu Earthy Tone, font sans-serif); Tạo Moodboard và Design Tokens (màu sắc, typography, spacing). | E2: Nghiên cứu phong cách thiết kế Unisex Skincare (Minimalist, tone màu Earthy Tone, font sans-serif); Tạo Moodboard và Design Tokens (màu sắc, typography, spacing). | F2: Tài liệu yêu cầu dự án và dữ liệu từ các luồng liên quan | G2: Bảng Design Guidelines (PDF/Figma link) được PO và nhóm thống nhất thông qua. | H2: Thiết kế hệ thống TMDT/Trúc Uyên/ | I2: [NGƯỜI THIẾT KẾ] Figma: KLEER - Design System & Catalog PDP Wireframe | J2: Phong cách Minimalist Earthy Tone; Sans-serif; Đầy đủ Desktop 1440px và Mobile 375px; Tự dán link Figma frame vào ô này. | K2: Bảng Design Guidelines (PDF/Figma link) được PO và nhóm thống nhất thông qua. | L2: Lâm Trúc Uyên | M2: Theme Dev 1 (Catalog, UI) | N2: Lê Nguyễn Quốc An | O2: Tuần 01 | P2: =VLOOKUP(O2,'Danh mục'!$A$3:$D$12,2,FALSE) -> #N/A | Q2: =VLOOKUP(O2,'Danh mục'!$A$3:$D$12,3,FALSE) -> #N/A | S2: Cao | T2: Done | U2: Không | V2: TASK-05 | W2: https://www.figma.com/design/BaI9IvT2Mji4nBZ3n6FKFH/Design-system?node-id=49-4&t=2m2RM9qCQVkipAsD-1 | Y2: =IF(AND(TODAY()>Q2,T2<>"Done"),"TRỄ",IF(AND(C2="G4",VLOOKUP(B2,DoR!$A$2:$K$12,11,FALSE)<>"SẴN SÀNG PROMPT"),"THIẾU ĐẦU VÀO","")) -> #N/A
A3: L04-G1-01 | B3: L04 | C3: G1 | D3: Nghiên cứu tài liệu kỹ thuật tích hợp cổng thanh toán trực tuyến tại Việt Nam (VNPay Sandbox, Momo Sandbox, COD, VietQR); Đăng ký tài khoản Sandbox. | E3: Nghiên cứu tài liệu kỹ thuật tích hợp cổng thanh toán trực tuyến tại Việt Nam (VNPay Sandbox, Momo Sandbox, COD, VietQR); Đăng ký tài khoản Sandbox. | F3: Tài liệu yêu cầu dự án và dữ liệu từ các luồng liên quan | G3: Tài khoản VNPay/Momo Sandbox được kích hoạt, có đầy đủ TmnCode và HashSecret. | H3: Thiết kế hệ thống TMDT/Minh Tuyền/ | K3: Tài khoản VNPay/Momo Sandbox được kích hoạt, có đầy đủ TmnCode và HashSecret. | L3: Trần Ngọc Minh Tuyền | M3: Integration Dev (thanh toán, email, vận chuyển, REST API) | N3: Lê Nguyễn Quốc An | O3: Tuần 01 | P3: =VLOOKUP(O3,'Danh mục'!$A$3:$D$12,2,FALSE) -> #N/A | Q3: =VLOOKUP(O3,'Danh mục'!$A$3:$D$12,3,FALSE) -> #N/A | S3: Trung bình | T3: In Progress | U3: 46058 | V3: TASK-04 | X3: Doc v1.0 | Y3: =IF(AND(TODAY()>Q3,T3<>"Done"),"TRỄ",IF(AND(C3="G4",VLOOKUP(B3,DoR!$A$2:$K$12,11,FALSE)<>"SẴN SÀNG PROMPT"),"THIẾU ĐẦU VÀO","")) -> #N/A
A4: L01-G2-01 | B4: L01 | C4: G2 | D4: Thiết kế Prototype UI và kịch bản luồng Quiz Flowchart | E4: Thiết kế Figma Prototype chi tiết từng câu hỏi có thanh tiến trình và vẽ sơ đồ luồng Quiz Flowchart dạng khối. | F4: Tài liệu yêu cầu dự án và dữ liệu từ các luồng liên quan | G4: Figma Interactive Prototype: Thao tác click chọn đáp án và chuyển màn hình trực quan, được PO duyệt. | H4: Thiết kế hệ thống TMDT/Nhã Uyên/ | I4: [NGƯỜI VẼ] L01_Quiz_Logic_Flowchart.drawio (và Figma: KLEER - Quiz SPA UI) | J4: Vẽ sơ đồ khối rẽ nhánh câu hỏi và ma trận tính điểm 4 bước; Bắt buộc ném file gốc .drawio/Figma vào Drive; Tuyệt đối cấm chụp ảnh màn hình; Tự dán link file vào ô này sau khi up. | K4: Figma Interactive Prototype thao tác mượt mà và sơ đồ luồng Quiz xác định rõ các rẽ nhánh điều kiện. | L4: Huỳnh Ngọc Nhã Uyên | M4: Theme Dev 2 (Quiz Frontend, Cart/Checkout UX) | N4: Lê Nguyễn Quốc An | O4: Tuần 02 | P4: =VLOOKUP(O4,'Danh mục'!$A$3:$D$12,2,FALSE) -> 46293 | Q4: =VLOOKUP(O4,'Danh mục'!$A$3:$D$12,3,FALSE) -> 46299 | S4: Cao | T4: To Do | U4: Không | V4: TASK-14, TASK-25 | Y4: =IF(AND(TODAY()>Q4,T4<>"Done"),"TRỄ",IF(AND(C4="G4",VLOOKUP(B4,DoR!$A$2:$K$12,11,FALSE)<>"SẴN SÀNG PROMPT"),"THIẾU ĐẦU VÀO","")) -> TRỄ
A5: L01-G5-01 | B5: L01 | C5: G5 | D5: Khởi tạo Custom Plugin trong thư mục /wp-content/plugins/unisex-quiz-engine/; Thiết lập cơ chế kích hoạt (Activation Hook), hủy kích hoạt (Deactivation Hook) và autoloader. | E5: Khởi tạo Custom Plugin trong thư mục /wp-content/plugins/unisex-quiz-engine/; Thiết lập cơ chế kích hoạt (Activation Hook), hủy kích hoạt (Deactivation Hook) và autoloader. | F5: Tài liệu yêu cầu dự án và dữ liệu từ các luồng liên quan | G5: Plugin kích hoạt an toàn trong WP-Admin mà không sinh lỗi PHP Warning/Notice. | H5: Thiết kế hệ thống TMDT/Hiếu Nhân/ | I5: [CODE ĐỘC LẬP - Không phụ thuộc bản vẽ] | J5: Khởi tạo Custom Plugin boilerplate trong /wp-content/plugins/unisex-quiz-engine/; Activation/Deactivation hooks; PSR-4 Autoloader. | K5: Plugin kích hoạt an toàn trong WP-Admin mà không sinh lỗi PHP Warning/Notice. | L5: Bùi Hiếu Nhân | M5: Plugin Dev 1 (Quiz Backend, Taxonomy, REST) | N5: Lê Nguyễn Quốc An | O5: Tuần 02 | P5: =VLOOKUP(O5,'Danh mục'!$A$3:$D$12,2,FALSE) -> 46293 | Q5: =VLOOKUP(O5,'Danh mục'!$A$3:$D$12,3,FALSE) -> 46299 | S5: Cao | T5: To Do | U5: Không | V5: TASK-11 | Y5: =IF(AND(TODAY()>Q5,T5<>"Done"),"TRỄ",IF(AND(C5="G4",VLOOKUP(B5,DoR!$A$2:$K$12,11,FALSE)<>"SẴN SÀNG PROMPT"),"THIẾU ĐẦU VÀO","")) -> TRỄ
A6: L02-G2-01 | B6: L02 | C6: G2 | D6: Thiết kế Wireframe và Mockup UI chi tiết trên Figma cho: Trang chủ, Trang danh mục (Catalog), Trang chi tiết sản phẩm (PDP). Chuẩn Responsive Mobile-first. | E6: Thiết kế Wireframe và Mockup UI chi tiết trên Figma cho: Trang chủ, Trang danh mục (Catalog), Trang chi tiết sản phẩm (PDP). Chuẩn Responsive Mobile-first. | F6: Tài liệu yêu cầu dự án và dữ liệu từ các luồng liên quan | G6: Figma Prototype hoàn chỉnh cả 2 phiên bản Desktop và Mobile được PO phê duyệt. | H6: Thiết kế hệ thống TMDT/Trúc Uyên/ | I6: [NGƯỜI THIẾT KẾ] Figma: KLEER - Design System & Catalog PDP Wireframe | J6: Phong cách Minimalist Earthy Tone; Sans-serif; Đầy đủ Desktop 1440px và Mobile 375px; Tự dán link Figma frame vào ô này. | K6: Figma Prototype hoàn chỉnh cả 2 phiên bản Desktop và Mobile được PO phê duyệt. | L6: Lâm Trúc Uyên | M6: Theme Dev 1 (Catalog, UI) | N6: Lê Nguyễn Quốc An | O6: Tuần 02 | P6: =VLOOKUP(O6,'Danh mục'!$A$3:$D$12,2,FALSE) -> 46293 | Q6: =VLOOKUP(O6,'Danh mục'!$A$3:$D$12,3,FALSE) -> 46299 | S6: Cao | T6: In Progress | U6: Không | V6: TASK-13 | Y6: =IF(AND(TODAY()>Q6,T6<>"Done"),"TRỄ",IF(AND(C6="G4",VLOOKUP(B6,DoR!$A$2:$K$12,11,FALSE)<>"SẴN SÀNG PROMPT"),"THIẾU ĐẦU VÀO","")) -> TRỄ
A7: L03-G1-01 | B7: L03 | C7: G1 | D7: Viết Flow Card luồng Giỏ hàng và tính năng giảm 15% Combo Routine | E7: Đặc tả chi tiết Flow Card cho Giỏ hàng tại docs/flows/L03-cart-combo/flow-card.md, cơ chế thêm 1-click Routine và kiểm tra xung đột hoạt chất. | F7: Quy tắc kinh doanh Combo Skincare từ PO | G7: File docs/flows/L03-cart-combo/flow-card.md hoàn chỉnh | H7: Thiết kế hệ thống TMDT/Nhã Uyên/ | K7: Flow Card nêu rõ công thức tự động trừ 15% khi đủ 3-4 bước Routine và cảnh báo xung đột AHA/Retinol. | L7: Huỳnh Ngọc Nhã Uyên | M7: Theme Dev 2 (Quiz Frontend, Cart/Checkout UX) | N7: Nguyễn Tấn Phát | O7: Tuần 02 | P7: =VLOOKUP(O7,'Danh mục'!$A$3:$D$12,2,FALSE) -> 46293 | Q7: =VLOOKUP(O7,'Danh mục'!$A$3:$D$12,3,FALSE) -> 46299 | R7: TASK-06 | S7: Cao | T7: To Do | U7: Không | Y7: =IF(AND(TODAY()>Q7,T7<>"Done"),"TRỄ",IF(AND(C7="G4",VLOOKUP(B7,DoR!$A$2:$K$12,11,FALSE)<>"SẴN SÀNG PROMPT"),"THIẾU ĐẦU VÀO","")) -> TRỄ
A8: L04-G5-01 | B8: L04 | C8: G5 | D8: Cấu hình phương thức thanh toán truyền thống trong WooCommerce: Thanh toán khi nhận hàng (COD) và Chuyển khoản ngân hàng (BACS) với mã VietQR tự sinh theo số tiền đơn. | E8: Cấu hình phương thức thanh toán truyền thống trong WooCommerce: Thanh toán khi nhận hàng (COD) và Chuyển khoản ngân hàng (BACS) với mã VietQR tự sinh theo số tiền đơn. | F8: Tài liệu yêu cầu dự án và dữ liệu từ các luồng liên quan | G8: Khách hàng có thể chọn COD hoặc quét mã VietQR thành công ở màn hình Thank You page. | H8: Thiết kế hệ thống TMDT/Minh Tuyền/ | I8: [CODE ĐỘC LẬP - Không phụ thuộc bản vẽ] | J8: Cấu hình COD chuẩn WooCommerce; Tích hợp BACS VietQR tự sinh mã theo số tiền và cú pháp đơn hàng. | K8: Khách hàng có thể chọn COD hoặc quét mã VietQR thành công ở màn hình Thank You page. | L8: Trần Ngọc Minh Tuyền | M8: Integration Dev (thanh toán, email, vận chuyển, REST API) | N8: Lê Nguyễn Quốc An | O8: Tuần 02 | P8: =VLOOKUP(O8,'Danh mục'!$A$3:$D$12,2,FALSE) -> 46293 | Q8: =VLOOKUP(O8,'Danh mục'!$A$3:$D$12,3,FALSE) -> 46299 | S8: Cao | T8: To Do | U8: 46058 | V8: TASK-12 | Y8: =IF(AND(TODAY()>Q8,T8<>"Done"),"TRỄ",IF(AND(C8="G4",VLOOKUP(B8,DoR!$A$2:$K$12,11,FALSE)<>"SẴN SÀNG PROMPT"),"THIẾU ĐẦU VÀO","")) -> TRỄ
A9: L05-G1-01 | B9: L05 | C9: G1 | D9: Viết Flow Card vòng đời xử lý đơn hàng và lưu trữ HPOS | E9: Đặc tả Flow Card tại docs/flows/L05-order-processing/flow-card.md cho vòng đời đơn từ Chờ thanh toán -> Đang xử lý -> Sẵn sàng giao, kiến trúc bảng HPOS. | F9: Tài liệu kỹ thuật WooCommerce HPOS và cấu trúc CSDL | G9: File docs/flows/L05-order-processing/flow-card.md hoàn chỉnh | H9: Thiết kế hệ thống TMDT/Minh Trí/ | K9: Flow Card xác định rõ 5 trạng thái đơn chuẩn, cơ chế trừ kho tự động và trigger gửi email hóa đơn. | L9: Nguyễn Minh Trí | M9: Plugin Dev 2 (Crawler, HPOS, Redis, khuyến mãi) | N9: Lê Nguyễn Quốc An | O9: Tuần 02 | P9: =VLOOKUP(O9,'Danh mục'!$A$3:$D$12,2,FALSE) -> 46293 | Q9: =VLOOKUP(O9,'Danh mục'!$A$3:$D$12,3,FALSE) -> 46299 | R9: TASK-08 | S9: Cao | T9: To Do | U9: 46086 | Y9: =IF(AND(TODAY()>Q9,T9<>"Done"),"TRỄ",IF(AND(C9="G4",VLOOKUP(B9,DoR!$A$2:$K$12,11,FALSE)<>"SẴN SÀNG PROMPT"),"THIẾU ĐẦU VÀO","")) -> TRỄ
A10: L05-G7-01 | B10: L05 | C10: G7 | D10: Xây dựng Test Cases cho các chức năng cơ bản của WooCommerce: Đăng ký/Đăng nhập, thêm sản phẩm vào giỏ, nhập mã giảm giá, đặt hàng COD. | E10: Xây dựng Test Cases cho các chức năng cơ bản của WooCommerce: Đăng ký/Đăng nhập, thêm sản phẩm vào giỏ, nhập mã giảm giá, đặt hàng COD. | F10: Tài liệu yêu cầu dự án và dữ liệu từ các luồng liên quan | G10: Bộ 25 Test Cases chi tiết cho phân hệ người dùng và thanh toán chuẩn. | H10: Thiết kế hệ thống TMDT/Thảo Uyên/ | K10: Bộ 25 Test Cases chi tiết cho phân hệ người dùng và thanh toán chuẩn. | L10: Nguyễn Ngọc Thảo Uyên | M10: QA & Automation (Selenium) | N10: Lê Nguyễn Quốc An | O10: Tuần 02 | P10: =VLOOKUP(O10,'Danh mục'!$A$3:$D$12,2,FALSE) -> 46293 | Q10: =VLOOKUP(O10,'Danh mục'!$A$3:$D$12,3,FALSE) -> 46299 | S10: Cao | T10: To Do | U10: 46086 | V10: TASK-15 | W10: 25 Test Case | Y10: =IF(AND(TODAY()>Q10,T10<>"Done"),"TRỄ",IF(AND(C10="G4",VLOOKUP(B10,DoR!$A$2:$K$12,11,FALSE)<>"SẴN SÀNG PROMPT"),"THIẾU ĐẦU VÀO","")) -> TRỄ
A11: L01-G3-01 | B11: L01 | C11: G3 | D11: Phê duyệt nghiệp vụ và kỹ thuật luồng Quiz chẩn đoán da L01 | E11: Rà soát tính nhất quán giữa Flow Card, ma trận trọng số và sơ đồ luồng Quiz để cấp quyền chuyển sang cổng Prompt Agent. | F11: Flow Card L01, Quiz Flowchart và ma trận câu hỏi | G11: Biên bản phê duyệt G3 tại docs/flows/L01-quiz-routine/approval.md | H11: Thiết kế hệ thống TMDT/Hiếu Nhân/ | K11: PO Phát và SM An xác nhận đạt 8/8 tiêu chí DoR, trạng thái luồng L01 chuyển thành SẴN SÀNG PROMPT. | L11: Bùi Hiếu Nhân | M11: Plugin Dev 1 (Quiz Backend, Taxonomy, REST) | N11: Nguyễn Tấn Phát | O11: Tuần 03 | P11: =VLOOKUP(O11,'Danh mục'!$A$3:$D$12,2,FALSE) -> 46300 | Q11: =VLOOKUP(O11,'Danh mục'!$A$3:$D$12,3,FALSE) -> 46306 | R11: L01-G1-03 | S11: Khẩn cấp | T11: Backlog | U11: Không | Y11: =IF(AND(TODAY()>Q11,T11<>"Done"),"TRỄ",IF(AND(C11="G4",VLOOKUP(B11,DoR!$A$2:$K$12,11,FALSE)<>"SẴN SÀNG PROMPT"),"THIẾU ĐẦU VÀO","")) -> TRỄ
A12: L01-G5-02 | B12: L01 | C12: G5 | D12: Lập trình SPA Quiz Frontend bằng HTML5 semantic và Vanilla JS | E12: Dựng template HTML5 và viết script SPA Quiz Vanilla JS không reload trang, lưu state tạm vào LocalStorage/State. | F12: Tài liệu yêu cầu dự án và dữ liệu từ các luồng liên quan | G12: Template tĩnh hoàn chỉnh cho từng câu hỏi, hiển thị đúng tỷ lệ trên cả Desktop và Mobile. | H12: Thiết kế hệ thống TMDT/Nhã Uyên/ | I12: [TỰ VẼ TỰ CODE] Lấy từ bản vẽ L01-G2-01 của chính mình | J12: Vanilla JS SPA; 100% không reload trang; Fetch API gửi answers sang backend; Render Routine kết quả responsive mobile-first. | K12: Template tĩnh hoàn chỉnh và Quiz hoạt động 100% không reload trang; thanh tiến trình cập nhật mượt mà. | L12: Huỳnh Ngọc Nhã Uyên | M12: Theme Dev 2 (Quiz Frontend, Cart/Checkout UX) | N12: Lê Nguyễn Quốc An | O12: Tuần 03 | P12: =VLOOKUP(O12,'Danh mục'!$A$3:$D$12,2,FALSE) -> 46300 | Q12: =VLOOKUP(O12,'Danh mục'!$A$3:$D$12,3,FALSE) -> 46306 | S12: Trung bình | T12: Backlog | U12: Không | V12: TASK-22, TASK-30 | Y12: =IF(AND(TODAY()>Q12,T12<>"Done"),"TRỄ",IF(AND(C12="G4",VLOOKUP(B12,DoR!$A$2:$K$12,11,FALSE)<>"SẴN SÀNG PROMPT"),"THIẾU ĐẦU VÀO","")) -> TRỄ
A13: L01-G7-01 | B13: L01 | C13: G7 | D13: Soạn thảo Ma trận Kiểm thử Quiz và thực thi kiểm thử trên bản tích hợp | E13: Liệt kê 30 ca kiểm thử Quiz và thực thi toàn bộ Ma trận kiểm thử trên phiên bản tích hợp giữa Frontend và Backend. | F13: Tài liệu yêu cầu dự án và dữ liệu từ các luồng liên quan | G13: Bảng Ma trận kiểm thử Quiz gồm ít nhất 30 ca kiểm thử (Test Scenarios). | H13: Thiết kế hệ thống TMDT/Thảo Uyên/ | K13: Bảng Ma trận kiểm thử Quiz gồm ít nhất 30 ca; 100% tổ hợp Quiz test thành công, không bị lỗi trang trắng. | L13: Nguyễn Ngọc Thảo Uyên | M13: QA & Automation (Selenium) | N13: Lê Nguyễn Quốc An | O13: Tuần 03 | P13: =VLOOKUP(O13,'Danh mục'!$A$3:$D$12,2,FALSE) -> 46300 | Q13: =VLOOKUP(O13,'Danh mục'!$A$3:$D$12,3,FALSE) -> 46306 | S13: Cao | T13: Backlog | U13: Không | V13: TASK-23, TASK-47 | W13: ma trận kiểm thử Quiz | Y13: =IF(AND(TODAY()>Q13,T13<>"Done"),"TRỄ",IF(AND(C13="G4",VLOOKUP(B13,DoR!$A$2:$K$12,11,FALSE)<>"SẴN SÀNG PROMPT"),"THIẾU ĐẦU VÀO","")) -> TRỄ
A14: L02-G5-01 | B14: L02 | C14: G5 | D14: Khởi tạo Custom Theme trong thư mục /wp-content/themes/unisex-theme/; Thiết lập functions.php, style.css, enqueue các file CSS/JS nền tảng. | E14: Khởi tạo Custom Theme trong thư mục /wp-content/themes/unisex-theme/; Thiết lập functions.php, style.css, enqueue các file CSS/JS nền tảng. | F14: Tài liệu yêu cầu dự án và dữ liệu từ các luồng liên quan | G14: Theme kích hoạt thành công trên WordPress 6.4, kế thừa đầy đủ tính năng WooCommerce. | H14: Thiết kế hệ thống TMDT/Trúc Uyên/ | I14: [TỰ THIẾT KẾ TỰ CODE] Dựa trên Figma Design Tokens của chính mình | J14: Chuẩn PSR-12; Pure PHP/CSS BEM; Không dùng Elementor; Ajax filter dùng wp_ajax_ & taxonomy; Mobile-first; Điểm Lighthouse >= 80. | K14: Theme kích hoạt thành công trên WordPress 6.4, kế thừa đầy đủ tính năng WooCommerce. | L14: Lâm Trúc Uyên | M14: Theme Dev 1 (Catalog, UI) | N14: Lê Nguyễn Quốc An | O14: Tuần 03 | P14: =VLOOKUP(O14,'Danh mục'!$A$3:$D$12,2,FALSE) -> 46300 | Q14: =VLOOKUP(O14,'Danh mục'!$A$3:$D$12,3,FALSE) -> 46306 | S14: Cao | T14: Backlog | U14: Không | V14: TASK-21 | Y14: =IF(AND(TODAY()>Q14,T14<>"Done"),"TRỄ",IF(AND(C14="G4",VLOOKUP(B14,DoR!$A$2:$K$12,11,FALSE)<>"SẴN SÀNG PROMPT"),"THIẾU ĐẦU VÀO","")) -> TRỄ
A15: L03-G2-01 | B15: L03 | C15: G2 | D15: Vẽ sơ đồ Activity diagram quy trình thêm vào giỏ và tính chiết khấu Combo | E15: Vẽ sơ đồ Activity bằng draw.io tại docs/flows/L03-cart-combo/activity.drawio thể hiện luồng thêm 1-click Routine và kiểm tra điều kiện áp dụng giảm giá 15%. | F15: Flow Card L03 và công thức chiết khấu | G15: File docs/flows/L03-cart-combo/activity.drawio + PNG | H15: Thiết kế hệ thống TMDT/Nhã Uyên/ | I15: [NGƯỜI VẼ] L03_Cart_Combo_Discount_Activity.drawio | J15: Sơ đồ Activity luồng 1-click thêm routine; rẽ nhánh giảm 15%; bắt xung đột Retinol/AHA; Bắt buộc lưu file .drawio gốc, cấm up ảnh. | K15: Có đầy đủ nhánh kiểm tra số lượng SP trong routine, nhánh cảnh báo xung đột thành phần và hiển thị giá tiết kiệm. | L15: Huỳnh Ngọc Nhã Uyên | M15: Theme Dev 2 (Quiz Frontend, Cart/Checkout UX) | N15: Nguyễn Tấn Phát | O15: Tuần 03 | P15: =VLOOKUP(O15,'Danh mục'!$A$3:$D$12,2,FALSE) -> 46300 | Q15: =VLOOKUP(O15,'Danh mục'!$A$3:$D$12,3,FALSE) -> 46306 | R15: L03-G1-01 | S15: Cao | T15: Backlog | U15: Không | Y15: =IF(AND(TODAY()>Q15,T15<>"Done"),"TRỄ",IF(AND(C15="G4",VLOOKUP(B15,DoR!$A$2:$K$12,11,FALSE)<>"SẴN SÀNG PROMPT"),"THIẾU ĐẦU VÀO","")) -> TRỄ
A16: L04-G2-01 | B16: L04 | C16: G2 | D16: Vẽ Sequence diagram quy trình thanh toán trực tuyến qua cổng VNPay Sandbox | E16: Vẽ Sequence diagram bằng Mermaid tại docs/flows/L04-checkout-payment/sequence.md thể hiện các bước gửi request tạo URL thanh toán, redirect và nhận IPN callback. | F16: Flow Card L04 và tài liệu API VNPay | G16: File docs/flows/L04-checkout-payment/sequence.md | H16: Thiết kế hệ thống TMDT/Minh Tuyền/ | I16: [NGƯỜI VẼ] L04_Checkout_VNPay_Sequence.drawio | J16: Sequence diagram tạo URL thanh toán, tính chữ ký SHA512, redirect VNPay Sandbox và nhận IPN callback; Up file .drawio gốc. | K16: Sơ đồ thể hiện đầy đủ kiểm tra mã băm checksum SHA512, cập nhật trạng thái đơn Đang xử lý và xử lý hủy giao dịch. | L16: Trần Ngọc Minh Tuyền | M16: Integration Dev (thanh toán, email, vận chuyển, REST API) | N16: Lê Nguyễn Quốc An | O16: Tuần 03 | P16: =VLOOKUP(O16,'Danh mục'!$A$3:$D$12,2,FALSE) -> 46300 | Q16: =VLOOKUP(O16,'Danh mục'!$A$3:$D$12,3,FALSE) -> 46306 | R16: TASK-04 | S16: Cao | T16: Backlog | U16: 46058 | Y16: =IF(AND(TODAY()>Q16,T16<>"Done"),"TRỄ",IF(AND(C16="G4",VLOOKUP(B16,DoR!$A$2:$K$12,11,FALSE)<>"SẴN SÀNG PROMPT"),"THIẾU ĐẦU VÀO","")) -> TRỄ
A17: L04-G5-02 | B17: L04 | C17: G5 | D17: Cài đặt và tích hợp Plugin cổng thanh toán VNPay Sandbox; Cấu hình thông số TmnCode, HashSecret; Kiểm tra tính hợp lệ của chữ ký dữ liệu SHA512. | E17: Cài đặt và tích hợp Plugin cổng thanh toán VNPay Sandbox; Cấu hình thông số TmnCode, HashSecret; Kiểm tra tính hợp lệ của chữ ký dữ liệu SHA512. | F17: Tài liệu yêu cầu dự án và dữ liệu từ các luồng liên quan | G17: Thanh toán thử nghiệm thành công bằng thẻ test VNPay, trạng thái đơn chuyển sang Đang xử lý. | H17: Thiết kế hệ thống TMDT/Minh Tuyền/ | I17: [TỰ VẼ TỰ CODE] Lấy từ bản vẽ L04-G2-01 của chính mình | J17: Kế thừa WC_Payment_Gateway; Chữ ký SHA512; Secret key đặt tại wp-config; Validate IPN callback; Cấm lưu số thẻ thô. | K17: Thanh toán thử nghiệm thành công bằng thẻ test VNPay, trạng thái đơn chuyển sang Đang xử lý. | L17: Trần Ngọc Minh Tuyền | M17: Integration Dev (thanh toán, email, vận chuyển, REST API) | N17: Lê Nguyễn Quốc An | O17: Tuần 03 | P17: =VLOOKUP(O17,'Danh mục'!$A$3:$D$12,2,FALSE) -> 46300 | Q17: =VLOOKUP(O17,'Danh mục'!$A$3:$D$12,3,FALSE) -> 46306 | S17: Khẩn cấp | T17: Backlog | U17: 46058 | V17: TASK-20 | Y17: =IF(AND(TODAY()>Q17,T17<>"Done"),"TRỄ",IF(AND(C17="G4",VLOOKUP(B17,DoR!$A$2:$K$12,11,FALSE)<>"SẴN SÀNG PROMPT"),"THIẾU ĐẦU VÀO","")) -> TRỄ
A18: L01-G4-01 | B18: L01 | C18: G4 | D18: Soạn Prompt cho AI agent sinh mã nguồn Quiz Engine và weighted matching L01 | E18: Áp dụng Mẫu Prompt chuẩn viết prompt yêu cầu AI agent sinh class Quiz_Engine xử lý tính điểm weighted tag matching và REST endpoint. | F18: Flow Card L01, Quiz Decision Matrix và sơ đồ luồng | G18: Prompt hoàn chỉnh được ghi vào tab Prompt Log với mã PRM-L01-01 | H18: Thiết kế hệ thống TMDT/Hiếu Nhân/ | I18: [CODE NHẬN BẢN VẼ] Lấy file L01_Quiz_Logic_Flowchart.drawio (từ task L01-G2-01 của Huỳnh Ngọc Nhã Uyên) | J18: WordPress REST API Controller; Check nonce CSRF; Endpoint /wp-json/unisex-quiz/v1/recommend; Thuật toán weighted matching; Trả JSON 4 bước chuẩn; Cơ chế Safe Fallback khi rỗng. | K18: Prompt nêu rõ tên class, phương thức calculate_routine(), bảng meta liên quan và 5 ca test Given-When-Then. | L18: Bùi Hiếu Nhân | M18: Plugin Dev 1 (Quiz Backend, Taxonomy, REST) | N18: Lê Nguyễn Quốc An | O18: Tuần 04 | P18: =VLOOKUP(O18,'Danh mục'!$A$3:$D$12,2,FALSE) -> 46307 | Q18: =VLOOKUP(O18,'Danh mục'!$A$3:$D$12,3,FALSE) -> 46313 | R18: L01-G3-01 | S18: Khẩn cấp | T18: Backlog | U18: Không | Y18: =IF(AND(TODAY()>Q18,T18<>"Done"),"TRỄ",IF(AND(C18="G4",VLOOKUP(B18,DoR!$A$2:$K$12,11,FALSE)<>"SẴN SÀNG PROMPT"),"THIẾU ĐẦU VÀO","")) -> TRỄ
A19: L01-G5-03 | B19: L01 | C19: G5 | D19: Thiết kế cấu trúc câu hỏi và lập trình thuật toán Weighted Tag Matching | E19: Định nghĩa mảng câu hỏi, ánh xạ trọng số điểm với 3 Custom Taxonomies và lập trình hàm tính điểm xếp hạng. | F19: Tài liệu yêu cầu dự án và dữ liệu từ các luồng liên quan | G19: Module cấu hình câu hỏi hoạt động, cho phép định nghĩa các trọng số điểm bằng mảng PHP. | H19: Thiết kế hệ thống TMDT/Hiếu Nhân/ | I19: [CODE NHẬN BẢN VẼ] Lấy file L01_Quiz_Logic_Flowchart.drawio (từ task L01-G2-01 của Huỳnh Ngọc Nhã Uyên) | J19: WordPress REST API Controller; Check nonce CSRF; Endpoint /wp-json/unisex-quiz/v1/recommend; Thuật toán weighted matching; Trả JSON 4 bước chuẩn; Cơ chế Safe Fallback khi rỗng. | K19: Module cấu hình câu hỏi hoạt động và hàm thuật toán đạt độ chính xác 100% so với Ma trận trọng số do PO cung cấp. | L19: Bùi Hiếu Nhân | M19: Plugin Dev 1 (Quiz Backend, Taxonomy, REST) | N19: Lê Nguyễn Quốc An | O19: Tuần 04 | P19: =VLOOKUP(O19,'Danh mục'!$A$3:$D$12,2,FALSE) -> 46307 | Q19: =VLOOKUP(O19,'Danh mục'!$A$3:$D$12,3,FALSE) -> 46313 | S19: Cao | T19: Backlog | U19: Không | V19: TASK-27, TASK-35 | Y19: =IF(AND(TODAY()>Q19,T19<>"Done"),"TRỄ",IF(AND(C19="G4",VLOOKUP(B19,DoR!$A$2:$K$12,11,FALSE)<>"SẴN SÀNG PROMPT"),"THIẾU ĐẦU VÀO","")) -> TRỄ
A20: L02-G3-01 | B20: L02 | C20: G3 | D20: Phê duyệt nghiệp vụ Flow Card và Wireframe giao diện Catalog L02 | E20: Nghiệm thu thiết kế giao diện danh mục, bộ lọc và trang chi tiết sản phẩm; kiểm tra đáp ứng tiêu chuẩn Responsive Mobile-first. | F20: Flow Card L02 và Figma Mockup | G20: Biên bản phê duyệt G3 tại docs/flows/L02-catalog-product/approval.md | H20: Thiết kế hệ thống TMDT/Tấn Phát/ | K20: PO Phát và SM An xác nhận đạt 8/8 tiêu chí DoR, chuyển trạng thái luồng L02 sang SẴN SÀNG PROMPT. | L20: Nguyễn Tấn Phát | M20: PO & BA | N20: Lê Nguyễn Quốc An | O20: Tuần 04 | P20: =VLOOKUP(O20,'Danh mục'!$A$3:$D$12,2,FALSE) -> 46307 | Q20: =VLOOKUP(O20,'Danh mục'!$A$3:$D$12,3,FALSE) -> 46313 | R20: L02-G2-02 | S20: Khẩn cấp | T20: Backlog | U20: Không | Y20: =IF(AND(TODAY()>Q20,T20<>"Done"),"TRỄ",IF(AND(C20="G4",VLOOKUP(B20,DoR!$A$2:$K$12,11,FALSE)<>"SẴN SÀNG PROMPT"),"THIẾU ĐẦU VÀO","")) -> TRỄ
A21: L02-G4-01 | B21: L02 | C21: G4 | D21: Soạn Prompt cho AI agent sinh mã nguồn template Catalog và Ajax Filter L02 | E21: Áp dụng Mẫu Prompt chuẩn để yêu cầu AI agent sinh mã nguồn template archive-product.php và script xử lý Ajax Filter theo Taxonomy. | F21: Flow Card L02 và Sequence diagram đã được phê duyệt G3 | G21: Prompt hoàn chỉnh được ghi vào tab Prompt Log với mã PRM-L02-01 | H21: Thiết kế hệ thống TMDT/Trúc Uyên/ | K21: Prompt chứa đủ 5 tiêu chí chấp nhận Given-When-Then, đường dẫn file chính xác và ràng buộc không dùng Elementor. | L21: Lâm Trúc Uyên | M21: Theme Dev 1 (Catalog, UI) | N21: Nguyễn Tấn Phát | O21: Tuần 04 | P21: =VLOOKUP(O21,'Danh mục'!$A$3:$D$12,2,FALSE) -> 46307 | Q21: =VLOOKUP(O21,'Danh mục'!$A$3:$D$12,3,FALSE) -> 46313 | R21: L02-G3-01 | S21: Cao | T21: Backlog | U21: Không | W21: MẪU PROMPT LOG: PRM-L02-01 | Y21: =IF(AND(TODAY()>Q21,T21<>"Done"),"TRỄ",IF(AND(C21="G4",VLOOKUP(B21,DoR!$A$2:$K$12,11,FALSE)<>"SẴN SÀNG PROMPT"),"THIẾU ĐẦU VÀO","")) -> TRỄ
A22: L02-G5-02 | B22: L02 | C22: G5 | D22: Lập trình giao diện Trang chủ: Hero banner giới thiệu triết lý Unisex, nút CTA dẫn tới Smart Quiz, danh mục nổi bật và các sản phẩm bán chạy. | E22: Lập trình giao diện Trang chủ: Hero banner giới thiệu triết lý Unisex, nút CTA dẫn tới Smart Quiz, danh mục nổi bật và các sản phẩm bán chạy. | F22: Tài liệu yêu cầu dự án và dữ liệu từ các luồng liên quan | G22: Trang chủ hoàn thiện 100% HTML/CSS, tốc độ render nhanh, tương thích hoàn toàn trên mobile. | H22: Thiết kế hệ thống TMDT/Trúc Uyên/ | I22: [TỰ THIẾT KẾ TỰ CODE] Dựa trên Figma Design Tokens của chính mình | J22: Chuẩn PSR-12; Pure PHP/CSS BEM; Không dùng Elementor; Ajax filter dùng wp_ajax_ & taxonomy; Mobile-first; Điểm Lighthouse >= 80. | K22: Trang chủ hoàn thiện 100% HTML/CSS, tốc độ render nhanh, tương thích hoàn toàn trên mobile. | L22: Lâm Trúc Uyên | M22: Theme Dev 1 (Catalog, UI) | N22: Lê Nguyễn Quốc An | O22: Tuần 04 | P22: =VLOOKUP(O22,'Danh mục'!$A$3:$D$12,2,FALSE) -> 46307 | Q22: =VLOOKUP(O22,'Danh mục'!$A$3:$D$12,3,FALSE) -> 46313 | S22: Cao | T22: Backlog | U22: Không | V22: TASK-29 | Y22: =IF(AND(TODAY()>Q22,T22<>"Done"),"TRỄ",IF(AND(C22="G4",VLOOKUP(B22,DoR!$A$2:$K$12,11,FALSE)<>"SẴN SÀNG PROMPT"),"THIẾU ĐẦU VÀO","")) -> TRỄ
A23: L03-G3-01 | B23: L03 | C23: G3 | D23: Phê duyệt Flow Card và kịch bản giảm giá Combo Routine L03 | E23: Rà soát quy tắc nghiệp vụ tự động giảm 15% khi mua trọn bộ và thuật toán phát hiện xung đột hoạt chất chăm sóc da. | F23: Flow Card L03 và sơ đồ Activity diagram | G23: Biên bản phê duyệt G3 tại docs/flows/L03-cart-combo/approval.md | H23: Thiết kế hệ thống TMDT/Nhã Uyên/ | K23: PO Phát và SM An xác nhận đạt 8/8 tiêu chí DoR, chuyển trạng thái luồng L03 sang SẴN SÀNG PROMPT. | L23: Huỳnh Ngọc Nhã Uyên | M23: Theme Dev 2 (Quiz Frontend, Cart/Checkout UX) | N23: Nguyễn Tấn Phát | O23: Tuần 04 | P23: =VLOOKUP(O23,'Danh mục'!$A$3:$D$12,2,FALSE) -> 46307 | Q23: =VLOOKUP(O23,'Danh mục'!$A$3:$D$12,3,FALSE) -> 46313 | R23: L03-G2-01 | S23: Khẩn cấp | T23: Backlog | U23: Không | Y23: =IF(AND(TODAY()>Q23,T23<>"Done"),"TRỄ",IF(AND(C23="G4",VLOOKUP(B23,DoR!$A$2:$K$12,11,FALSE)<>"SẴN SÀNG PROMPT"),"THIẾU ĐẦU VÀO","")) -> TRỄ
A24: L04-G3-01 | B24: L04 | C24: G3 | D24: Phê duyệt kỹ thuật luồng Checkout và phương thức thanh toán VNPay L04 | E24: Nghiệm thu kiến trúc bảo mật giao dịch, kiểm tra định dạng chữ ký số SHA512 và kịch bản redirect của cổng thanh toán. | F24: Flow Card L04 và Sequence diagram VNPay | G24: Biên bản phê duyệt G3 tại docs/flows/L04-checkout-payment/approval.md | H24: Thiết kế hệ thống TMDT/Minh Tuyền/ | K24: PO Phát và SM An xác nhận đạt 8/8 tiêu chí DoR, cho phép chuyển trạng thái luồng L04 sang SẴN SÀNG PROMPT. | L24: Trần Ngọc Minh Tuyền | M24: Integration Dev (thanh toán, email, vận chuyển, REST API) | N24: Lê Nguyễn Quốc An | O24: Tuần 04 | P24: =VLOOKUP(O24,'Danh mục'!$A$3:$D$12,2,FALSE) -> 46307 | Q24: =VLOOKUP(O24,'Danh mục'!$A$3:$D$12,3,FALSE) -> 46313 | R24: L04-G2-01 | S24: Khẩn cấp | T24: Backlog | U24: 46058 | Y24: =IF(AND(TODAY()>Q24,T24<>"Done"),"TRỄ",IF(AND(C24="G4",VLOOKUP(B24,DoR!$A$2:$K$12,11,FALSE)<>"SẴN SÀNG PROMPT"),"THIẾU ĐẦU VÀO","")) -> TRỄ
A25: L05-G2-01 | B25: L05 | C25: G2 | D25: Vẽ State diagram thể hiện vòng đời đơn hàng WooCommerce HPOS | E25: Dùng draw.io vẽ State Machine Diagram tại docs/flows/L05-order-processing/state.drawio thể hiện các trạng thái chuyển giao của đơn hàng. | F25: Flow Card L05 và danh sách trạng thái đơn hàng | G25: File docs/flows/L05-order-processing/state.drawio + PNG | H25: Thiết kế hệ thống TMDT/Minh Trí/ | I25: [NGƯỜI VẼ] L05_Order_Lifecycle_State.drawio | J25: State Machine 5 trạng thái đơn HPOS (Pending -> Processing -> On-hold -> Completed -> Cancelled) và cơ chế trừ tồn kho tự động. | K25: Sơ đồ thể hiện rõ 5 trạng thái chuẩn, điều kiện kích hoạt trừ kho và điều kiện chuyển trạng thái sang Sẵn sàng giao. | L25: Nguyễn Minh Trí | M25: Plugin Dev 2 (Crawler, HPOS, Redis, khuyến mãi) | N25: Lê Nguyễn Quốc An | O25: Tuần 04 | P25: =VLOOKUP(O25,'Danh mục'!$A$3:$D$12,2,FALSE) -> 46307 | Q25: =VLOOKUP(O25,'Danh mục'!$A$3:$D$12,3,FALSE) -> 46313 | R25: L05-G1-01 | S25: Cao | T25: Backlog | U25: 46086 | Y25: =IF(AND(TODAY()>Q25,T25<>"Done"),"TRỄ",IF(AND(C25="G4",VLOOKUP(B25,DoR!$A$2:$K$12,11,FALSE)<>"SẴN SÀNG PROMPT"),"THIẾU ĐẦU VÀO","")) -> TRỄ
A26: L05-G5-01 | B26: L05 | C26: G5 | D26: Cấu hình dịch vụ gửi email SMTP (qua Gmail App Password hoặc SendGrid); Thiết lập tính năng tự động gửi email xác nhận ngay khi khách đặt hàng. | E26: Cấu hình dịch vụ gửi email SMTP (qua Gmail App Password hoặc SendGrid); Thiết lập tính năng tự động gửi email xác nhận ngay khi khách đặt hàng. | F26: Tài liệu yêu cầu dự án và dữ liệu từ các luồng liên quan | G26: Hệ thống gửi email thông báo hoạt động 100% trong môi trường Docker, không bị rơi vào spam. | H26: Thiết kế hệ thống TMDT/Minh Tuyền/ | I26: [CODE NHẬN BẢN VẼ] Lấy file L05_Order_Lifecycle_State.drawio (từ task L05-G2-01 của Nguyễn Minh Trí) | J26: Hook woocommerce_order_status_processing; Tự động gửi email hóa đơn HTML chuẩn responsive có mã QR tra cứu; SMTP SendGrid/Gmail. | K26: Hệ thống gửi email thông báo hoạt động 100% trong môi trường Docker, không bị rơi vào spam. | L26: Trần Ngọc Minh Tuyền | M26: Integration Dev (thanh toán, email, vận chuyển, REST API) | N26: Lê Nguyễn Quốc An | O26: Tuần 04 | P26: =VLOOKUP(O26,'Danh mục'!$A$3:$D$12,2,FALSE) -> 46307 | Q26: =VLOOKUP(O26,'Danh mục'!$A$3:$D$12,3,FALSE) -> 46313 | S26: Cao | T26: Backlog | U26: Không | V26: TASK-28 | Y26: =IF(AND(TODAY()>Q26,T26<>"Done"),"TRỄ",IF(AND(C26="G4",VLOOKUP(B26,DoR!$A$2:$K$12,11,FALSE)<>"SẴN SÀNG PROMPT"),"THIẾU ĐẦU VÀO","")) -> TRỄ
A27: L01-G1-02 | B27: L01 | C27: G1 | D27: Xây dựng Bảng Ma Trận Trọng Số Quiz (Quiz Decision Matrix): Thiết lập 5 câu hỏi cốt lõi, ma trận gán điểm cộng dồn cho từng lựa chọn ứng với Custom Taxonomies. | E27: Xây dựng Bảng Ma Trận Trọng Số Quiz (Quiz Decision Matrix): Thiết lập 5 câu hỏi cốt lõi, ma trận gán điểm cộng dồn cho từng lựa chọn ứng với Custom Taxonomies. | F27: Tài liệu yêu cầu dự án và dữ liệu từ các luồng liên quan | G27: File Google Sheets Ma trận trọng số: Phủ kín 4 loại da, 4 vấn đề da chính và 4 bước chăm sóc tiêu chuẩn. | H27: Thiết kế hệ thống TMDT/Tấn Phát/ | K27: File Google Sheets Ma trận trọng số: Phủ kín 4 loại da, 4 vấn đề da chính và 4 bước chăm sóc tiêu chuẩn. | L27: Nguyễn Tấn Phát | M27: PO & BA | N27: Lê Nguyễn Quốc An | O27: Tuần 05 | P27: =VLOOKUP(O27,'Danh mục'!$A$3:$D$12,2,FALSE) -> 46314 | Q27: =VLOOKUP(O27,'Danh mục'!$A$3:$D$12,3,FALSE) -> 46320 | S27: Khẩn cấp | T27: Backlog | U27: Không | V27: TASK-33 | W27: KLEER · L01-G1-02 · Quiz Decision Matrix | Y27: =IF(AND(TODAY()>Q27,T27<>"Done"),"TRỄ",IF(AND(C27="G4",VLOOKUP(B27,DoR!$A$2:$K$12,11,FALSE)<>"SẴN SÀNG PROMPT"),"THIẾU ĐẦU VÀO",""))
A28: L01-G5-04 | B28: L01 | C28: G5 | D28: Tích hợp Fetch API gọi REST API và lập trình màn hình kết quả Routine | E28: Gửi mảng câu trả lời JSON qua REST API và lập trình giao diện hiển thị Routine 3-4 bước chuẩn Responsive kèm nút Add to Cart. | F28: Tài liệu yêu cầu dự án và dữ liệu từ các luồng liên quan | G28: Kết nối API thành công; bắt lỗi hiển thị thông báo thân thiện khi mất kết nối mạng. | H28: Thiết kế hệ thống TMDT/Nhã Uyên/ | I28: [TỰ VẼ TỰ CODE] Lấy từ bản vẽ L01-G2-01 của chính mình | J28: Vanilla JS SPA; 100% không reload trang; Fetch API gửi answers sang backend; Render Routine kết quả responsive mobile-first. | K28: Kết nối API thành công; màn hình Routine hiển thị sinh động, chuẩn Responsive, có nút Thêm cả Routine vào giỏ. | L28: Huỳnh Ngọc Nhã Uyên | M28: Theme Dev 2 (Quiz Frontend, Cart/Checkout UX) | N28: Lê Nguyễn Quốc An | O28: Tuần 05 | P28: =VLOOKUP(O28,'Danh mục'!$A$3:$D$12,2,FALSE) -> 46314 | Q28: =VLOOKUP(O28,'Danh mục'!$A$3:$D$12,3,FALSE) -> 46320 | S28: Cao | T28: Backlog | U28: Không | V28: TASK-38, TASK-46 | Y28: =IF(AND(TODAY()>Q28,T28<>"Done"),"TRỄ",IF(AND(C28="G4",VLOOKUP(B28,DoR!$A$2:$K$12,11,FALSE)<>"SẴN SÀNG PROMPT"),"THIẾU ĐẦU VÀO",""))
A29: L02-G5-03 | B29: L02 | C29: G5 | D29: Lập trình Trang Shop/Catalog: Lưới sản phẩm (Product Grid), hiển thị ảnh thumbnail, giá bán, nhãn phân loại Unisex và nút Thêm vào giỏ hàng nhanh. | E29: Lập trình Trang Shop/Catalog: Lưới sản phẩm (Product Grid), hiển thị ảnh thumbnail, giá bán, nhãn phân loại Unisex và nút Thêm vào giỏ hàng nhanh. | F29: Tài liệu yêu cầu dự án và dữ liệu từ các luồng liên quan | G29: Template archive-product.php hiển thị chuẩn 12 sản phẩm/trang, phân trang mượt mà. | H29: Thiết kế hệ thống TMDT/Trúc Uyên/ | I29: [TỰ THIẾT KẾ TỰ CODE] Dựa trên Figma Design Tokens của chính mình | J29: Chuẩn PSR-12; Pure PHP/CSS BEM; Không dùng Elementor; Ajax filter dùng wp_ajax_ & taxonomy; Mobile-first; Điểm Lighthouse >= 80. | K29: Template archive-product.php hiển thị chuẩn 12 sản phẩm/trang, phân trang mượt mà. | L29: Lâm Trúc Uyên | M29: Theme Dev 1 (Catalog, UI) | N29: Lê Nguyễn Quốc An | O29: Tuần 05 | P29: =VLOOKUP(O29,'Danh mục'!$A$3:$D$12,2,FALSE) -> 46314 | Q29: =VLOOKUP(O29,'Danh mục'!$A$3:$D$12,3,FALSE) -> 46320 | S29: Cao | T29: Backlog | U29: Không | V29: TASK-37 | Y29: =IF(AND(TODAY()>Q29,T29<>"Done"),"TRỄ",IF(AND(C29="G4",VLOOKUP(B29,DoR!$A$2:$K$12,11,FALSE)<>"SẴN SÀNG PROMPT"),"THIẾU ĐẦU VÀO",""))
A30: L02-G7-01 | B30: L02 | C30: G7 | D30: Kiểm thử chức năng Catalog sản phẩm, bộ lọc Taxonomy và trang PDP L02 | E30: Thực thi kiểm thử toàn diện giao diện Shop, tính chính xác của bộ lọc Ajax đa tiêu chí và tốc độ tải trang trên máy trạm. | F30: Bản build Custom Theme trên nhánh develop | G30: Báo cáo kiểm thử tại docs/flows/L02-catalog-product/test-report.md | H30: Thiết kế hệ thống TMDT/Thảo Uyên/ | K30: 100% test case trong Test Plan về Catalog pass; thời gian lọc Ajax < 200ms; không có lỗi JavaScript console. | L30: Nguyễn Ngọc Thảo Uyên | M30: QA & Automation (Selenium) | N30: Lê Nguyễn Quốc An | O30: Tuần 05 | P30: =VLOOKUP(O30,'Danh mục'!$A$3:$D$12,2,FALSE) -> 46314 | Q30: =VLOOKUP(O30,'Danh mục'!$A$3:$D$12,3,FALSE) -> 46320 | R30: TASK-37 | S30: Cao | T30: Backlog | U30: Không | Y30: =IF(AND(TODAY()>Q30,T30<>"Done"),"TRỄ",IF(AND(C30="G4",VLOOKUP(B30,DoR!$A$2:$K$12,11,FALSE)<>"SẴN SÀNG PROMPT"),"THIẾU ĐẦU VÀO",""))
A31: L03-G4-01 | B31: L03 | C31: G4 | D31: Soạn Prompt cho AI agent sinh mã nguồn tính năng 1-Click Routine to Cart L03 | E31: Áp dụng Mẫu Prompt chuẩn viết prompt yêu cầu AI agent sinh module AJAX thêm đồng thời nhiều sản phẩm vào giỏ hàng WooCommerce. | F31: Flow Card L03 và Activity diagram | G31: Prompt hoàn chỉnh được ghi vào tab Prompt Log với mã PRM-L03-01 | H31: Thiết kế hệ thống TMDT/Nhã Uyên/ | K31: Prompt nêu rõ hook woocommerce_ajax_add_to_cart, xử lý nonce CSRF và trả về mini-cart fragments cập nhật. | L31: Huỳnh Ngọc Nhã Uyên | M31: Theme Dev 2 (Quiz Frontend, Cart/Checkout UX) | N31: Nguyễn Tấn Phát | O31: Tuần 05 | P31: =VLOOKUP(O31,'Danh mục'!$A$3:$D$12,2,FALSE) -> 46314 | Q31: =VLOOKUP(O31,'Danh mục'!$A$3:$D$12,3,FALSE) -> 46320 | R31: L03-G3-01 | S31: Cao | T31: Backlog | U31: Không | Y31: =IF(AND(TODAY()>Q31,T31<>"Done"),"TRỄ",IF(AND(C31="G4",VLOOKUP(B31,DoR!$A$2:$K$12,11,FALSE)<>"SẴN SÀNG PROMPT"),"THIẾU ĐẦU VÀO","")) -> THIẾU ĐẦU VÀO
A32: L03-G7-01 | B32: L03 | C32: G7 | D32: Kiểm thử phân hệ Giỏ hàng & Thanh toán: Kiểm tra các trường hợp tính sai thuế, phí ship, mã giảm giá âm tiền, đặt hàng thiếu thông tin bắt buộc. | E32: Kiểm thử phân hệ Giỏ hàng & Thanh toán: Kiểm tra các trường hợp tính sai thuế, phí ship, mã giảm giá âm tiền, đặt hàng thiếu thông tin bắt buộc. | F32: Tài liệu yêu cầu dự án và dữ liệu từ các luồng liên quan | G32: Báo cáo kiểm thử Checkout: Hệ thống bắt lỗi chính xác 100% các trường hợp validation. | H32: Thiết kế hệ thống TMDT/Thảo Uyên/ | K32: Báo cáo kiểm thử Checkout: Hệ thống bắt lỗi chính xác 100% các trường hợp validation. | L32: Nguyễn Ngọc Thảo Uyên | M32: QA & Automation (Selenium) | N32: Lê Nguyễn Quốc An | O32: Tuần 05 | P32: =VLOOKUP(O32,'Danh mục'!$A$3:$D$12,2,FALSE) -> 46314 | Q32: =VLOOKUP(O32,'Danh mục'!$A$3:$D$12,3,FALSE) -> 46320 | S32: Cao | T32: Backlog | U32: Không | V32: TASK-39 | Y32: =IF(AND(TODAY()>Q32,T32<>"Done"),"TRỄ",IF(AND(C32="G4",VLOOKUP(B32,DoR!$A$2:$K$12,11,FALSE)<>"SẴN SÀNG PROMPT"),"THIẾU ĐẦU VÀO",""))
A33: L04-G4-01 | B33: L04 | C33: G4 | D33: Soạn Prompt cho AI agent sinh mã nguồn Gateway VNPay Sandbox L04 | E33: Áp dụng Mẫu Prompt chuẩn viết prompt yêu cầu AI agent sinh class mở rộng WC_Payment_Gateway cho VNPay Sandbox. | F33: Flow Card L04 và tài liệu chữ ký SHA512 | G33: Prompt hoàn chỉnh được ghi vào tab Prompt Log với mã PRM-L04-01 | H33: Thiết kế hệ thống TMDT/Minh Tuyền/ | K33: Prompt chỉ rõ các phương thức init_form_fields(), process_payment(), check_ipn_response() và bảo mật secret key. | L33: Trần Ngọc Minh Tuyền | M33: Integration Dev (thanh toán, email, vận chuyển, REST API) | N33: Lê Nguyễn Quốc An | O33: Tuần 05 | P33: =VLOOKUP(O33,'Danh mục'!$A$3:$D$12,2,FALSE) -> 46314 | Q33: =VLOOKUP(O33,'Danh mục'!$A$3:$D$12,3,FALSE) -> 46320 | R33: L04-G3-01 | S33: Khẩn cấp | T33: Backlog | U33: 46058 | Y33: =IF(AND(TODAY()>Q33,T33<>"Done"),"TRỄ",IF(AND(C33="G4",VLOOKUP(B33,DoR!$A$2:$K$12,11,FALSE)<>"SẴN SÀNG PROMPT"),"THIẾU ĐẦU VÀO","")) -> THIẾU ĐẦU VÀO
A34: L05-G3-01 | B34: L05 | C34: G3 | D34: Phê duyệt nghiệp vụ và kỹ thuật luồng Xử lý đơn hàng HPOS L05 | E34: Rà soát cấu trúc các bảng chuyên biệt HPOS và cơ chế xử lý sự kiện hook woocommerce_order_status_changed. | F34: Flow Card L05 và State diagram | G34: Biên bản phê duyệt G3 tại docs/flows/L05-order-processing/approval.md | H34: Thiết kế hệ thống TMDT/Minh Trí/ | K34: PO Phát và SM An xác nhận đạt 8/8 tiêu chí DoR, chuyển trạng thái luồng L05 sang SẴN SÀNG PROMPT. | L34: Nguyễn Minh Trí | M34: Plugin Dev 2 (Crawler, HPOS, Redis, khuyến mãi) | N34: Lê Nguyễn Quốc An | O34: Tuần 05 | P34: =VLOOKUP(O34,'Danh mục'!$A$3:$D$12,2,FALSE) -> 46314 | Q34: =VLOOKUP(O34,'Danh mục'!$A$3:$D$12,3,FALSE) -> 46320 | R34: L05-G2-01 | S34: Khẩn cấp | T34: Backlog | U34: 46086 | Y34: =IF(AND(TODAY()>Q34,T34<>"Done"),"TRỄ",IF(AND(C34="G4",VLOOKUP(B34,DoR!$A$2:$K$12,11,FALSE)<>"SẴN SÀNG PROMPT"),"THIẾU ĐẦU VÀO",""))
A35: L05-G5-02 | B35: L05 | C35: G5 | D35: Thiết kế và tùy biến mẫu HTML Email Hóa Đơn Khách Hàng (Customer Invoice): Đậm phong cách Unisex, hiển thị chi tiết sản phẩm, tổng tiền, mã QR. | E35: Thiết kế và tùy biến mẫu HTML Email Hóa Đơn Khách Hàng (Customer Invoice): Đậm phong cách Unisex, hiển thị chi tiết sản phẩm, tổng tiền, mã QR. | F35: Tài liệu yêu cầu dự án và dữ liệu từ các luồng liên quan | G35: Mẫu email hóa đơn chuyên nghiệp, chuẩn responsive, hiển thị đẹp trên cả Gmail Mobile và Outlook. | H35: Thiết kế hệ thống TMDT/Minh Tuyền/ | I35: [CODE NHẬN BẢN VẼ] Lấy file L05_Order_Lifecycle_State.drawio (từ task L05-G2-01 của Nguyễn Minh Trí) | J35: Hook woocommerce_order_status_processing; Tự động gửi email hóa đơn HTML chuẩn responsive có mã QR tra cứu; SMTP SendGrid/Gmail. | K35: Mẫu email hóa đơn chuyên nghiệp, chuẩn responsive, hiển thị đẹp trên cả Gmail Mobile và Outlook. | L35: Trần Ngọc Minh Tuyền | M35: Integration Dev (thanh toán, email, vận chuyển, REST API) | N35: Lê Nguyễn Quốc An | O35: Tuần 05 | P35: =VLOOKUP(O35,'Danh mục'!$A$3:$D$12,2,FALSE) -> 46314 | Q35: =VLOOKUP(O35,'Danh mục'!$A$3:$D$12,3,FALSE) -> 46320 | S35: Cao | T35: Backlog | U35: Không | V35: TASK-36 | Y35: =IF(AND(TODAY()>Q35,T35<>"Done"),"TRỄ",IF(AND(C35="G4",VLOOKUP(B35,DoR!$A$2:$K$12,11,FALSE)<>"SẴN SÀNG PROMPT"),"THIẾU ĐẦU VÀO",""))
A36: L01-G5-05 | B36: L01 | C36: G5 | D36: Lập trình Routine Query Engine và đăng ký REST API Endpoint chính thức | E36: Truy vấn 3-4 sản phẩm đại diện theo Taxonomy và đăng ký endpoint POST /wp-json/unisex-quiz/v1/recommend. | F36: Tài liệu yêu cầu dự án và dữ liệu từ các luồng liên quan | G36: Trả về danh sách 3 - 4 sản phẩm đại diện cho: Làm sạch, Đặc trị, Dưỡng ẩm, Chống nắng. | H36: Thiết kế hệ thống TMDT/Hiếu Nhân/ | I36: [CODE NHẬN BẢN VẼ] Lấy file L01_Quiz_Logic_Flowchart.drawio (từ task L01-G2-01 của Huỳnh Ngọc Nhã Uyên) | J36: WordPress REST API Controller; Check nonce CSRF; Endpoint /wp-json/unisex-quiz/v1/recommend; Thuật toán weighted matching; Trả JSON 4 bước chuẩn; Cơ chế Safe Fallback khi rỗng. | K36: Trả về danh sách 3-4 sản phẩm đại diện; API endpoint trả dữ liệu JSON hợp lệ qua Postman trong < 300ms. | L36: Bùi Hiếu Nhân | M36: Plugin Dev 1 (Quiz Backend, Taxonomy, REST) | N36: Lê Nguyễn Quốc An | O36: Tuần 06 | P36: =VLOOKUP(O36,'Danh mục'!$A$3:$D$12,2,FALSE) -> 46321 | Q36: =VLOOKUP(O36,'Danh mục'!$A$3:$D$12,3,FALSE) -> 46327 | S36: Cao | T36: Backlog | U36: Không | V36: TASK-43, TASK-51 | Y36: =IF(AND(TODAY()>Q36,T36<>"Done"),"TRỄ",IF(AND(C36="G4",VLOOKUP(B36,DoR!$A$2:$K$12,11,FALSE)<>"SẴN SÀNG PROMPT"),"THIẾU ĐẦU VÀO",""))
A37: L02-G5-04 | B37: L02 | C37: G5 | D37: Xây dựng Bộ lọc Ajax đa tiêu chí: Cho phép lọc đồng thời theo Loại da, Vấn đề da, Mức giá và Thương hiệu mà không cần tải lại trang web. | E37: Xây dựng Bộ lọc Ajax đa tiêu chí: Cho phép lọc đồng thời theo Loại da, Vấn đề da, Mức giá và Thương hiệu mà không cần tải lại trang web. | F37: Tài liệu yêu cầu dự án và dữ liệu từ các luồng liên quan | G37: Bộ lọc phản hồi tức thì (< 200ms); URL tự cập nhật query params để khách có thể copy link chia sẻ. | H37: Thiết kế hệ thống TMDT/Trúc Uyên/ | I37: [TỰ THIẾT KẾ TỰ CODE] Dựa trên Figma Design Tokens của chính mình | J37: Chuẩn PSR-12; Pure PHP/CSS BEM; Không dùng Elementor; Ajax filter dùng wp_ajax_ & taxonomy; Mobile-first; Điểm Lighthouse >= 80. | K37: Bộ lọc phản hồi tức thì (< 200ms); URL tự cập nhật query params để khách có thể copy link chia sẻ. | L37: Lâm Trúc Uyên | M37: Theme Dev 1 (Catalog, UI) | N37: Lê Nguyễn Quốc An | O37: Tuần 06 | P37: =VLOOKUP(O37,'Danh mục'!$A$3:$D$12,2,FALSE) -> 46321 | Q37: =VLOOKUP(O37,'Danh mục'!$A$3:$D$12,3,FALSE) -> 46327 | S37: Cao | T37: Backlog | U37: Không | V37: TASK-45 | Y37: =IF(AND(TODAY()>Q37,T37<>"Done"),"TRỄ",IF(AND(C37="G4",VLOOKUP(B37,DoR!$A$2:$K$12,11,FALSE)<>"SẴN SÀNG PROMPT"),"THIẾU ĐẦU VÀO",""))
A38: L02-G6-01 | B38: L02 | C38: G6 | D38: Review chéo Pull Request giao diện Catalog và tối ưu hóa CSS/JS L02 | E38: Thực hiện peer review trên GitHub PR cho nhánh feature/theme-catalog-ui, kiểm tra tuân thủ tiêu chuẩn PSR-12 và CSS BEM. | F38: Pull Request của Lâm Trúc Uyên trên GitHub | G38: PR review comments và commit tinh chỉnh trên nhánh develop | H38: Thiết kế hệ thống TMDT/Trúc Uyên/ | K38: Ghi lại ít nhất 3 điểm đã chỉnh sửa so với bản code do AI agent sinh ra vào Prompt Log. | L38: Lâm Trúc Uyên | M38: Theme Dev 1 (Catalog, UI) | N38: Nguyễn Tấn Phát | O38: Tuần 06 | P38: =VLOOKUP(O38,'Danh mục'!$A$3:$D$12,2,FALSE) -> 46321 | Q38: =VLOOKUP(O38,'Danh mục'!$A$3:$D$12,3,FALSE) -> 46327 | R38: TASK-45 | S38: Cao | T38: Backlog | U38: Không | Y38: =IF(AND(TODAY()>Q38,T38<>"Done"),"TRỄ",IF(AND(C38="G4",VLOOKUP(B38,DoR!$A$2:$K$12,11,FALSE)<>"SẴN SÀNG PROMPT"),"THIẾU ĐẦU VÀO",""))
A39: L03-G6-01 | B39: L03 | C39: G6 | D39: Review chéo PR tính năng Giỏ hàng và sửa lỗi UX hiển thị Combo L03 | E39: Kiểm tra mã nguồn JavaScript của Giỏ hàng, sửa lỗi giật lag khi cập nhật số lượng và kiểm tra độ tương thích mobile. | F39: Pull Request của Huỳnh Ngọc Nhã Uyên trên GitHub | G39: PR review comments và các commit fix bugs giao diện giỏ hàng | H39: Thiết kế hệ thống TMDT/Nhã Uyên/ | K39: Ghi nhận chi tiết các điểm tùy biến giao diện so với code AI sinh ra vào Prompt Log; PR được approve. | L39: Huỳnh Ngọc Nhã Uyên | M39: Theme Dev 2 (Quiz Frontend, Cart/Checkout UX) | N39: Nguyễn Tấn Phát | O39: Tuần 06 | P39: =VLOOKUP(O39,'Danh mục'!$A$3:$D$12,2,FALSE) -> 46321 | Q39: =VLOOKUP(O39,'Danh mục'!$A$3:$D$12,3,FALSE) -> 46327 | R39: L03-G4-01 | S39: Cao | T39: Backlog | U39: Không | Y39: =IF(AND(TODAY()>Q39,T39<>"Done"),"TRỄ",IF(AND(C39="G4",VLOOKUP(B39,DoR!$A$2:$K$12,11,FALSE)<>"SẴN SÀNG PROMPT"),"THIẾU ĐẦU VÀO",""))
A40: L05-G4-01 | B40: L05 | C40: G4 | D40: Soạn Prompt cho AI agent sinh mã nguồn kích hoạt và đồng bộ HPOS L05 | E40: Áp dụng Mẫu Prompt chuẩn viết prompt yêu cầu AI agent sinh code can thiệp cài đặt HPOS qua class Automattic\WooCommerce\Utilities\OrderUtil. | F40: Flow Card L05 và tài liệu kiến trúc HPOS | G40: Prompt hoàn chỉnh được ghi vào tab Prompt Log với mã PRM-L05-01 | H40: Thiết kế hệ thống TMDT/Minh Trí/ | K40: Prompt yêu cầu bật cờ đồng bộ nền (background sync) và kiểm tra tương thích các extension. | L40: Nguyễn Minh Trí | M40: Plugin Dev 2 (Crawler, HPOS, Redis, khuyến mãi) | N40: Lê Nguyễn Quốc An | O40: Tuần 06 | P40: =VLOOKUP(O40,'Danh mục'!$A$3:$D$12,2,FALSE) -> 46321 | Q40: =VLOOKUP(O40,'Danh mục'!$A$3:$D$12,3,FALSE) -> 46327 | R40: L05-G3-01 | S40: Cao | T40: Backlog | U40: 46086 | Y40: =IF(AND(TODAY()>Q40,T40<>"Done"),"TRỄ",IF(AND(C40="G4",VLOOKUP(B40,DoR!$A$2:$K$12,11,FALSE)<>"SẴN SÀNG PROMPT"),"THIẾU ĐẦU VÀO","")) -> THIẾU ĐẦU VÀO
A41: L05-G5-03 | B41: L05 | C41: G5 | D41: Cấu hình và kích hoạt WooCommerce HPOS (High-Performance Order Storage): Chuyển đổi lưu trữ đơn hàng từ bảng wp_posts sang các bảng chuyên biệt. | E41: Cấu hình và kích hoạt WooCommerce HPOS (High-Performance Order Storage): Chuyển đổi lưu trữ đơn hàng từ bảng wp_posts sang các bảng chuyên biệt. | F41: Tài liệu yêu cầu dự án và dữ liệu từ các luồng liên quan | G41: HPOS kích hoạt thành công ở chế độ lưu trữ chuyên biệt (Custom Tables), không gặp lỗi đồng bộ. | H41: Thiết kế hệ thống TMDT/Minh Trí/ | I41: [TỰ VẼ TỰ CODE] Lấy từ bản vẽ L05-G2-01 của chính mình | J41: Kích hoạt HPOS qua class Automattic\\WooCommerce\\Utilities\\OrderUtil; Lưu bảng wp_wc_orders chuyên biệt; Bật cờ background sync. | K41: HPOS kích hoạt thành công ở chế độ lưu trữ chuyên biệt (Custom Tables), không gặp lỗi đồng bộ. | L41: Nguyễn Minh Trí | M41: Plugin Dev 2 (Crawler, HPOS, Redis, khuyến mãi) | N41: Lê Nguyễn Quốc An | O41: Tuần 06 | P41: =VLOOKUP(O41,'Danh mục'!$A$3:$D$12,2,FALSE) -> 46321 | Q41: =VLOOKUP(O41,'Danh mục'!$A$3:$D$12,3,FALSE) -> 46327 | S41: Khẩn cấp | T41: Backlog | U41: 46086 | V41: TASK-48 | Y41: =IF(AND(TODAY()>Q41,T41<>"Done"),"TRỄ",IF(AND(C41="G4",VLOOKUP(B41,DoR!$A$2:$K$12,11,FALSE)<>"SẴN SÀNG PROMPT"),"THIẾU ĐẦU VÀO",""))
A42: L01-G6-01 | B42: L01 | C42: G6 | D42: Điều phối việc ghép nối giữa Frontend Quiz và Backend Quiz API; Giải quyết các vấn đề liên quan đến CORS, kiểm tra tính toàn vẹn dữ liệu JSON (schema validation) khi truyền nhận. | E42: Điều phối việc ghép nối giữa Frontend Quiz và Backend Quiz API; Giải quyết các vấn đề liên quan đến CORS, kiểm tra tính toàn vẹn dữ liệu JSON (schema validation) khi truyền nhận. | F42: Tài liệu yêu cầu dự án và dữ liệu từ các luồng liên quan | G42: Nhánh develop hoạt động ổn định, không có xung đột giữa Frontend và Backend. | H42: Thiết kế hệ thống TMDT/Quốc An/ | K42: Nhánh develop hoạt động ổn định, không có xung đột giữa Frontend và Backend. | L42: Lê Nguyễn Quốc An | M42: Scrum Master & DevOps | N42: Nguyễn Tấn Phát | O42: Tuần 07 | P42: =VLOOKUP(O42,'Danh mục'!$A$3:$D$12,2,FALSE) -> 46328 | Q42: =VLOOKUP(O42,'Danh mục'!$A$3:$D$12,3,FALSE) -> 46334 | S42: Cao | T42: Backlog | U42: Không | V42: TASK-50 | Y42: =IF(AND(TODAY()>Q42,T42<>"Done"),"TRỄ",IF(AND(C42="G4",VLOOKUP(B42,DoR!$A$2:$K$12,11,FALSE)<>"SẴN SÀNG PROMPT"),"THIẾU ĐẦU VÀO",""))
A43: L01-G8-01 | B43: L01 | C43: G8 | D43: Kiểm thử tính đúng đắn của đề xuất Routine với các ca lâm sàng giả lập (VD: Da dầu mụn ẩn, Da khô nhạy cảm); Tinh chỉnh văn phong câu hỏi Quiz: Trực quan, gần gũi, chuẩn ngôn ngữ Marketing mỹ phẩm. | E43: Kiểm thử tính đúng đắn của đề xuất Routine với các ca lâm sàng giả lập (VD: Da dầu mụn ẩn, Da khô nhạy cảm); Tinh chỉnh văn phong câu hỏi Quiz: Trực quan, gần gũi, chuẩn ngôn ngữ Marketing mỹ phẩm. | F43: Tài liệu yêu cầu dự án và dữ liệu từ các luồng liên quan | G43: Bảng nghiệm thu kết quả Quiz: 20 kịch bản test trả về đúng phác đồ khoa học da liễu. | H43: Thiết kế hệ thống TMDT/Tấn Phát/ | K43: Bảng nghiệm thu kết quả Quiz: 20 kịch bản test trả về đúng phác đồ khoa học da liễu. | L43: Nguyễn Tấn Phát | M43: PO & BA | N43: Lê Nguyễn Quốc An | O43: Tuần 07 | P43: =VLOOKUP(O43,'Danh mục'!$A$3:$D$12,2,FALSE) -> 46328 | Q43: =VLOOKUP(O43,'Danh mục'!$A$3:$D$12,3,FALSE) -> 46334 | S43: Cao | T43: Backlog | U43: Không | V43: TASK-49 | Y43: =IF(AND(TODAY()>Q43,T43<>"Done"),"TRỄ",IF(AND(C43="G4",VLOOKUP(B43,DoR!$A$2:$K$12,11,FALSE)<>"SẴN SÀNG PROMPT"),"THIẾU ĐẦU VÀO",""))
A44: L02-G5-05 | B44: L02 | C44: G5 | D44: Lập trình Trang chi tiết sản phẩm (Single Product Page): Gallery ảnh trượt (Slider), giá khuyến mãi, bảng thành phần chi tiết, đánh giá sao. | E44: Lập trình Trang chi tiết sản phẩm (Single Product Page): Gallery ảnh trượt (Slider), giá khuyến mãi, bảng thành phần chi tiết, đánh giá sao. | F44: Tài liệu yêu cầu dự án và dữ liệu từ các luồng liên quan | G44: Template single-product.php đạt chuẩn UX, tự động hiển thị đúng 3 Custom Taxonomies. | H44: Thiết kế hệ thống TMDT/Trúc Uyên/ | I44: [TỰ THIẾT KẾ TỰ CODE] Dựa trên Figma Design Tokens của chính mình | J44: Chuẩn PSR-12; Pure PHP/CSS BEM; Không dùng Elementor; Ajax filter dùng wp_ajax_ & taxonomy; Mobile-first; Điểm Lighthouse >= 80. | K44: Template single-product.php đạt chuẩn UX, tự động hiển thị đúng 3 Custom Taxonomies. | L44: Lâm Trúc Uyên | M44: Theme Dev 1 (Catalog, UI) | N44: Lê Nguyễn Quốc An | O44: Tuần 07 | P44: =VLOOKUP(O44,'Danh mục'!$A$3:$D$12,2,FALSE) -> 46328 | Q44: =VLOOKUP(O44,'Danh mục'!$A$3:$D$12,3,FALSE) -> 46334 | S44: Cao | T44: Backlog | U44: Không | V44: TASK-53 | Y44: =IF(AND(TODAY()>Q44,T44<>"Done"),"TRỄ",IF(AND(C44="G4",VLOOKUP(B44,DoR!$A$2:$K$12,11,FALSE)<>"SẴN SÀNG PROMPT"),"THIẾU ĐẦU VÀO",""))
A45: L03-G5-01 | B45: L03 | C45: G5 | D45: Lập trình tính năng '1-Click Add Routine to Cart': Gọi AJAX đồng thời thêm toàn bộ 3 - 4 sản phẩm trong Routine vào giỏ hàng WooCommerce. | E45: Lập trình tính năng '1-Click Add Routine to Cart': Gọi AJAX đồng thời thêm toàn bộ 3 - 4 sản phẩm trong Routine vào giỏ hàng WooCommerce. | F45: Tài liệu yêu cầu dự án và dữ liệu từ các luồng liên quan | G45: Thêm đủ và đúng sản phẩm vào giỏ chỉ trong 1 lần click; hiển thị thông báo thành công mượt mà. | H45: Thiết kế hệ thống TMDT/Nhã Uyên/ | I45: [TỰ VẼ TỰ CODE] Lấy từ bản vẽ L03-G2-01 của chính mình | J45: Hook woocommerce_ajax_add_to_cart thêm cả routine; Cập nhật fragments mini-cart; Tinh giản form checkout. | K45: Thêm đủ và đúng sản phẩm vào giỏ chỉ trong 1 lần click; hiển thị thông báo thành công mượt mà. | L45: Huỳnh Ngọc Nhã Uyên | M45: Theme Dev 2 (Quiz Frontend, Cart/Checkout UX) | N45: Lê Nguyễn Quốc An | O45: Tuần 07 | P45: =VLOOKUP(O45,'Danh mục'!$A$3:$D$12,2,FALSE) -> 46328 | Q45: =VLOOKUP(O45,'Danh mục'!$A$3:$D$12,3,FALSE) -> 46334 | S45: Cao | T45: Backlog | U45: Không | V45: TASK-54 | Y45: =IF(AND(TODAY()>Q45,T45<>"Done"),"TRỄ",IF(AND(C45="G4",VLOOKUP(B45,DoR!$A$2:$K$12,11,FALSE)<>"SẴN SÀNG PROMPT"),"THIẾU ĐẦU VÀO",""))
A46: L03-G8-01 | B46: L03 | C46: G8 | D46: Nghiệm thu trải nghiệm Giỏ hàng và tính năng giảm 15% Combo Routine L03 | E46: Kiểm tra end-to-end hành trình từ thêm 1-click Routine từ Quiz đến khi giỏ hàng tự động giảm giá 15% và cảnh báo xung đột hoạt chất. | F46: Hệ thống giỏ hàng đã tích hợp trên nhánh develop | G46: Biên bản nghiệm thu UAT tại docs/flows/L03-cart-combo/uat-report.md | H46: Thiết kế hệ thống TMDT/Nhã Uyên/ | K46: PO Phát và SM An xác nhận giỏ hàng hoạt động mượt mà, tính tiền chính xác 100% trong 10 kịch bản thử nghiệm. | L46: Huỳnh Ngọc Nhã Uyên | M46: Theme Dev 2 (Quiz Frontend, Cart/Checkout UX) | N46: Nguyễn Tấn Phát | O46: Tuần 07 | P46: =VLOOKUP(O46,'Danh mục'!$A$3:$D$12,2,FALSE) -> 46328 | Q46: =VLOOKUP(O46,'Danh mục'!$A$3:$D$12,3,FALSE) -> 46334 | R46: TASK-54 | S46: Cao | T46: Backlog | U46: Không | Y46: =IF(AND(TODAY()>Q46,T46<>"Done"),"TRỄ",IF(AND(C46="G4",VLOOKUP(B46,DoR!$A$2:$K$12,11,FALSE)<>"SẴN SÀNG PROMPT"),"THIẾU ĐẦU VÀO",""))
A47: L05-G6-01 | B47: L05 | C47: G6 | D47: Review chéo PR module HPOS và tối ưu lưu trữ CSDL chuyên biệt L05 | E47: Rà soát các bảng dữ liệu wp_wc_orders, wp_wc_order_addresses, wp_wc_order_operational_data và kiểm tra tính toàn vẹn dữ liệu. | F47: PR nhánh feature/hpos-optimization trên GitHub | G47: Review comments và phê duyệt merge vào develop | H47: Thiết kế hệ thống TMDT/Minh Trí/ | K47: Xác nhận 100% đơn hàng mới không ghi đè vào wp_posts; ghi lại các điểm tùy biến vào Prompt Log. | L47: Nguyễn Minh Trí | M47: Plugin Dev 2 (Crawler, HPOS, Redis, khuyến mãi) | N47: Lê Nguyễn Quốc An | O47: Tuần 07 | P47: =VLOOKUP(O47,'Danh mục'!$A$3:$D$12,2,FALSE) -> 46328 | Q47: =VLOOKUP(O47,'Danh mục'!$A$3:$D$12,3,FALSE) -> 46334 | R47: TASK-48 | S47: Cao | T47: Backlog | U47: 46086 | Y47: =IF(AND(TODAY()>Q47,T47<>"Done"),"TRỄ",IF(AND(C47="G4",VLOOKUP(B47,DoR!$A$2:$K$12,11,FALSE)<>"SẴN SÀNG PROMPT"),"THIẾU ĐẦU VÀO",""))
A48: L05-G8-01 | B48: L05 | C48: G8 | D48: Nghiệm thu nghiệp vụ vòng đời đơn hàng, trừ tồn kho và email hóa đơn L05 | E48: Thực hiện đặt 5 đơn hàng mẫu trên môi trường thật, kiểm tra chuyển đổi trạng thái đơn, tính chính xác tồn kho và email nhận được. | F48: Hệ thống website đang chạy với HPOS kích hoạt | G48: Biên bản nghiệm thu UAT tại docs/flows/L05-order-processing/uat-report.md | H48: Thiết kế hệ thống TMDT/Tấn Phát/ | K48: 100% đơn hàng lưu trữ đúng bảng HPOS chuyên biệt; tồn kho trừ chính xác; email hóa đơn gửi thành công có mã QR. | L48: Nguyễn Tấn Phát | M48: PO & BA | N48: Lê Nguyễn Quốc An | O48: Tuần 07 | P48: =VLOOKUP(O48,'Danh mục'!$A$3:$D$12,2,FALSE) -> 46328 | Q48: =VLOOKUP(O48,'Danh mục'!$A$3:$D$12,3,FALSE) -> 46334 | R48: TASK-48 | S48: Cao | T48: Backlog | U48: 46086 | Y48: =IF(AND(TODAY()>Q48,T48<>"Done"),"TRỄ",IF(AND(C48="G4",VLOOKUP(B48,DoR!$A$2:$K$12,11,FALSE)<>"SẴN SÀNG PROMPT"),"THIẾU ĐẦU VÀO",""))
A49: L01-G5-06 | B49: L01 | C49: G5 | D49: Xây dựng Cơ chế Fallback an toàn (Safe Fallback Mechanism): Nếu thuật toán không tìm thấy sản phẩm hoàn hảo, tự động gợi ý bộ sản phẩm dịu nhẹ (Gentle/All skin types) để không bao giờ trả về kết quả rỗng. | E49: Xây dựng Cơ chế Fallback an toàn (Safe Fallback Mechanism): Nếu thuật toán không tìm thấy sản phẩm hoàn hảo, tự động gợi ý bộ sản phẩm dịu nhẹ (Gentle/All skin types) để không bao giờ trả về kết quả rỗng. | F49: Tài liệu yêu cầu dự án và dữ liệu từ các luồng liên quan | G49: 100% các tổ hợp câu trả lời ngẫu nhiên đều nhận được kết quả Routine hợp lệ, không bao giờ bị trang trắng. | H49: Thiết kế hệ thống TMDT/Hiếu Nhân/ | K49: 100% các tổ hợp câu trả lời ngẫu nhiên đều nhận được kết quả Routine hợp lệ, không bao giờ bị trang trắng. | L49: Bùi Hiếu Nhân | M49: Plugin Dev 1 (Quiz Backend, Taxonomy, REST) | N49: Lê Nguyễn Quốc An | O49: Tuần 08 | P49: =VLOOKUP(O49,'Danh mục'!$A$3:$D$12,2,FALSE) -> 46335 | Q49: =VLOOKUP(O49,'Danh mục'!$A$3:$D$12,3,FALSE) -> 46341 | S49: Cao | T49: Backlog | U49: Không | V49: TASK-59 | Y49: =IF(AND(TODAY()>Q49,T49<>"Done"),"TRỄ",IF(AND(C49="G4",VLOOKUP(B49,DoR!$A$2:$K$12,11,FALSE)<>"SẴN SÀNG PROMPT"),"THIẾU ĐẦU VÀO",""))
A50: L02-G5-06 | B50: L02 | C50: G5 | D50: Tối ưu hóa hiển thị Responsive trên toàn bộ kích thước màn hình và kiểm tra Mobile Friendly | E50: Tối ưu hiển thị đa kích thước màn hình và đo lường Core Web Vitals tối ưu ảnh Lazy Loading. | F50: Tài liệu yêu cầu dự án và dữ liệu từ các luồng liên quan | G50: 100% trang giao diện vượt qua bài test Mobile-Friendly của Google, không vỡ layout. | H50: Thiết kế hệ thống TMDT/Trúc Uyên/ | K50: 100% trang giao diện vượt qua bài test Mobile-Friendly; điểm Google Lighthouse Performance đạt >= 85 (Desktop) và >= 75 (Mobile). | L50: Lâm Trúc Uyên | M50: Theme Dev 1 (Catalog, UI) | N50: Lê Nguyễn Quốc An | O50: Tuần 08 | P50: =VLOOKUP(O50,'Danh mục'!$A$3:$D$12,2,FALSE) -> 46335 | Q50: =VLOOKUP(O50,'Danh mục'!$A$3:$D$12,3,FALSE) -> 46341 | S50: Cao | T50: Backlog | U50: Không | V50: TASK-61, TASK-69 | Y50: =IF(AND(TODAY()>Q50,T50<>"Done"),"TRỄ",IF(AND(C50="G4",VLOOKUP(B50,DoR!$A$2:$K$12,11,FALSE)<>"SẴN SÀNG PROMPT"),"THIẾU ĐẦU VÀO",""))
A51: L03-G5-02 | B51: L03 | C51: G5 | D51: Tối ưu hóa trải nghiệm trang Giỏ hàng (Cart) và Thanh toán (Checkout): Tinh gọn form nhập liệu, thêm tính năng tự động điền địa chỉ. | E51: Tối ưu hóa trải nghiệm trang Giỏ hàng (Cart) và Thanh toán (Checkout): Tinh gọn form nhập liệu, thêm tính năng tự động điền địa chỉ. | F51: Tài liệu yêu cầu dự án và dữ liệu từ các luồng liên quan | G51: Form Checkout tinh giản, giảm 40% số trường nhập dư thừa, tỷ lệ bỏ rơi giỏ hàng giảm. | H51: Thiết kế hệ thống TMDT/Nhã Uyên/ | I51: [TỰ VẼ TỰ CODE] Lấy từ bản vẽ L03-G2-01 của chính mình | J51: Hook woocommerce_ajax_add_to_cart thêm cả routine; Cập nhật fragments mini-cart; Tinh giản form checkout. | K51: Form Checkout tinh giản, giảm 40% số trường nhập dư thừa, tỷ lệ bỏ rơi giỏ hàng giảm. | L51: Huỳnh Ngọc Nhã Uyên | M51: Theme Dev 2 (Quiz Frontend, Cart/Checkout UX) | N51: Lê Nguyễn Quốc An | O51: Tuần 08 | P51: =VLOOKUP(O51,'Danh mục'!$A$3:$D$12,2,FALSE) -> 46335 | Q51: =VLOOKUP(O51,'Danh mục'!$A$3:$D$12,3,FALSE) -> 46341 | S51: Cao | T51: Backlog | U51: Không | V51: TASK-62 | Y51: =IF(AND(TODAY()>Q51,T51<>"Done"),"TRỄ",IF(AND(C51="G4",VLOOKUP(B51,DoR!$A$2:$K$12,11,FALSE)<>"SẴN SÀNG PROMPT"),"THIẾU ĐẦU VÀO",""))
A52: L03-G5-03 | B52: L03 | C52: G5 | D52: Lập trình tính năng Khuyến mãi Routine Thông minh (Dynamic Routine Bundle Discount): Tự động giảm giá 15% khi khách hàng mua trọn bộ Routine. | E52: Lập trình tính năng Khuyến mãi Routine Thông minh (Dynamic Routine Bundle Discount): Tự động giảm giá 15% khi khách hàng mua trọn bộ Routine. | F52: Tài liệu yêu cầu dự án và dữ liệu từ các luồng liên quan | G52: Hệ thống tự động trừ tiền chiết khấu combo vào tổng đơn hàng, hiển thị rõ số tiền tiết kiệm. | H52: Thiết kế hệ thống TMDT/Minh Trí/ | I52: [CODE NHẬN BẢN VẼ] Lấy file L03_Cart_Combo_Discount_Activity.drawio (từ task L03-G2-01 của Huỳnh Ngọc Nhã Uyên) | J52: Hook woocommerce_cart_calculate_fees tự động trừ 10% combo; Quét meta taxonomy bắt xung đột Retinol vs AHA/BHA; Không sửa core WC. | K52: Hệ thống tự động trừ tiền chiết khấu combo vào tổng đơn hàng, hiển thị rõ số tiền tiết kiệm. | L52: Nguyễn Minh Trí | M52: Plugin Dev 2 (Crawler, HPOS, Redis, khuyến mãi) | N52: Lê Nguyễn Quốc An | O52: Tuần 08 | P52: =VLOOKUP(O52,'Danh mục'!$A$3:$D$12,2,FALSE) -> 46335 | Q52: =VLOOKUP(O52,'Danh mục'!$A$3:$D$12,3,FALSE) -> 46341 | S52: Cao | T52: Backlog | U52: Không | V52: TASK-64 | Y52: =IF(AND(TODAY()>Q52,T52<>"Done"),"TRỄ",IF(AND(C52="G4",VLOOKUP(B52,DoR!$A$2:$K$12,11,FALSE)<>"SẴN SÀNG PROMPT"),"THIẾU ĐẦU VÀO",""))
A53: L04-G6-01 | B53: L04 | C53: G6 | D53: Review chéo PR tích hợp VNPay Sandbox, kiểm tra callback IPN an toàn L04 | E53: Thực hiện review chéo mã nguồn cổng thanh toán VNPay, kiểm tra tính toán mã băm SHA512 và cập nhật trạng thái đơn. | F53: PR nhánh feature/vnpay-payment trên GitHub | G53: Review comments và approve PR trên GitHub | H53: Thiết kế hệ thống TMDT/Minh Tuyền/ | K53: Xác nhận thanh toán thử nghiệm thành công 10/10 giao dịch; ghi lại các điểm sửa đổi vào Prompt Log. | L53: Trần Ngọc Minh Tuyền | M53: Integration Dev (thanh toán, email, vận chuyển, REST API) | N53: Lê Nguyễn Quốc An | O53: Tuần 08 | P53: =VLOOKUP(O53,'Danh mục'!$A$3:$D$12,2,FALSE) -> 46335 | Q53: =VLOOKUP(O53,'Danh mục'!$A$3:$D$12,3,FALSE) -> 46341 | R53: TASK-20 | S53: Khẩn cấp | T53: Backlog | U53: 46058 | Y53: =IF(AND(TODAY()>Q53,T53<>"Done"),"TRỄ",IF(AND(C53="G4",VLOOKUP(B53,DoR!$A$2:$K$12,11,FALSE)<>"SẴN SÀNG PROMPT"),"THIẾU ĐẦU VÀO",""))
A54: L04-G7-01 | B54: L04 | C54: G7 | D54: Kiểm thử toàn diện các cổng thanh toán COD, VietQR và VNPay Sandbox L04 | E54: Thực thi kiểm thử 10 kịch bản thanh toán COD, quét mã VietQR thành công và thanh toán thử nghiệm qua cổng VNPay Sandbox. | F54: Cổng thanh toán VNPay Sandbox và cấu hình WooCommerce Checkout | G54: Báo cáo kiểm thử thanh toán tại docs/flows/L04-checkout-payment/test-report.md | H54: Thiết kế hệ thống TMDT/Thảo Uyên/ | K54: 100% giao dịch test thành công; trạng thái đơn chuyển đúng sang Đang xử lý; bắt lỗi chính xác khi hủy giao dịch. | L54: Nguyễn Ngọc Thảo Uyên | M54: QA & Automation (Selenium) | N54: Lê Nguyễn Quốc An | O54: Tuần 08 | P54: =VLOOKUP(O54,'Danh mục'!$A$3:$D$12,2,FALSE) -> 46335 | Q54: =VLOOKUP(O54,'Danh mục'!$A$3:$D$12,3,FALSE) -> 46341 | R54: TASK-20 | S54: Khẩn cấp | T54: Backlog | U54: 46058 | Y54: =IF(AND(TODAY()>Q54,T54<>"Done"),"TRỄ",IF(AND(C54="G4",VLOOKUP(B54,DoR!$A$2:$K$12,11,FALSE)<>"SẴN SÀNG PROMPT"),"THIẾU ĐẦU VÀO",""))
A55: L03-G5-04 | B55: L03 | C55: G5 | D55: Lập trình tính năng Cảnh báo Xung đột Hoạt chất (Ingredient Conflict Warning): Phát hiện nếu khách chọn 2 sản phẩm kỵ nhau (AHA/BHA với Retinol). | E55: Lập trình tính năng Cảnh báo Xung đột Hoạt chất (Ingredient Conflict Warning): Phát hiện nếu khách chọn 2 sản phẩm kỵ nhau (AHA/BHA với Retinol). | F55: Tài liệu yêu cầu dự án và dữ liệu từ các luồng liên quan | G55: Tính năng cảnh báo hoạt động chính xác khi giỏ hàng xuất hiện 2 hoạt chất xung đột. | H55: Thiết kế hệ thống TMDT/Minh Trí/ | I55: [CODE NHẬN BẢN VẼ] Lấy file L03_Cart_Combo_Discount_Activity.drawio (từ task L03-G2-01 của Huỳnh Ngọc Nhã Uyên) | J55: Hook woocommerce_cart_calculate_fees tự động trừ 10% combo; Quét meta taxonomy bắt xung đột Retinol vs AHA/BHA; Không sửa core WC. | K55: Tính năng cảnh báo hoạt động chính xác khi giỏ hàng xuất hiện 2 hoạt chất xung đột. | L55: Nguyễn Minh Trí | M55: Plugin Dev 2 (Crawler, HPOS, Redis, khuyến mãi) | N55: Lê Nguyễn Quốc An | O55: Tuần 09 | P55: =VLOOKUP(O55,'Danh mục'!$A$3:$D$12,2,FALSE) -> 46342 | Q55: =VLOOKUP(O55,'Danh mục'!$A$3:$D$12,3,FALSE) -> 46348 | S55: Cao | T55: Backlog | U55: Không | V55: TASK-72 | Y55: =IF(AND(TODAY()>Q55,T55<>"Done"),"TRỄ",IF(AND(C55="G4",VLOOKUP(B55,DoR!$A$2:$K$12,11,FALSE)<>"SẴN SÀNG PROMPT"),"THIẾU ĐẦU VÀO",""))
A56: L04-G8-01 | B56: L04 | C56: G8 | D56: Rà soát toàn bộ luồng mua hàng và kiểm tra tính thẩm mỹ của nội dung sản phẩm; Nghiệm thu tính chính xác của các quy tắc tính tiền. | E56: Rà soát toàn bộ luồng mua hàng và kiểm tra tính thẩm mỹ của nội dung sản phẩm; Nghiệm thu tính chính xác của các quy tắc tính tiền. | F56: Tài liệu yêu cầu dự án và dữ liệu từ các luồng liên quan | G56: Biên bản nghiệm thu nghiệp vụ nội bộ, xác nhận website sẵn sàng phục vụ khách hàng thật. | H56: Thiết kế hệ thống TMDT/Tấn Phát/ | K56: Biên bản nghiệm thu nghiệp vụ nội bộ, xác nhận website sẵn sàng phục vụ khách hàng thật. | L56: Nguyễn Tấn Phát | M56: PO & BA | N56: Lê Nguyễn Quốc An | O56: Tuần 09 | P56: =VLOOKUP(O56,'Danh mục'!$A$3:$D$12,2,FALSE) -> 46342 | Q56: =VLOOKUP(O56,'Danh mục'!$A$3:$D$12,3,FALSE) -> 46348 | S56: Cao | T56: Backlog | U56: 46058 | V56: TASK-65 | Y56: =IF(AND(TODAY()>Q56,T56<>"Done"),"TRỄ",IF(AND(C56="G4",VLOOKUP(B56,DoR!$A$2:$K$12,11,FALSE)<>"SẴN SÀNG PROMPT"),"THIẾU ĐẦU VÀO",""))
A57: L05-G5-04 | B57: L05 | C57: G5 | D57: Tối ưu hóa truy vấn SQL: Đặt chỉ mục (Index) thích hợp cho các trường dữ liệu hay tìm kiếm trong Custom Taxonomies; Đo lường thời gian đáp ứng API. | E57: Tối ưu hóa truy vấn SQL: Đặt chỉ mục (Index) thích hợp cho các trường dữ liệu hay tìm kiếm trong Custom Taxonomies; Đo lường thời gian đáp ứng API. | F57: Tài liệu yêu cầu dự án và dữ liệu từ các luồng liên quan | G57: Số lượng câu truy vấn database giảm từ 15 xuống 4; thời gian phản hồi API luôn < 300ms. | H57: Thiết kế hệ thống TMDT/Hiếu Nhân/ | I57: [CODE ĐỘC LẬP - Không phụ thuộc bản vẽ] | J57: Đánh index DB MariaDB cho taxonomy; Giảm truy vấn SQL từ 15 xuống 4; Phản hồi < 300ms. | K57: Số lượng câu truy vấn database giảm từ 15 xuống 4; thời gian phản hồi API luôn < 300ms. | L57: Bùi Hiếu Nhân | M57: Plugin Dev 1 (Quiz Backend, Taxonomy, REST) | N57: Lê Nguyễn Quốc An | O57: Tuần 09 | P57: =VLOOKUP(O57,'Danh mục'!$A$3:$D$12,2,FALSE) -> 46342 | Q57: =VLOOKUP(O57,'Danh mục'!$A$3:$D$12,3,FALSE) -> 46348 | S57: Cao | T57: Backlog | U57: 46086 | V57: TASK-67 | Y57: =IF(AND(TODAY()>Q57,T57<>"Done"),"TRỄ",IF(AND(C57="G4",VLOOKUP(B57,DoR!$A$2:$K$12,11,FALSE)<>"SẴN SÀNG PROMPT"),"THIẾU ĐẦU VÀO",""))
A58: L01-G8-02 | B58: L01 | C58: G8 | D58: Hoàn thiện mã nguồn JS Quiz, đóng gói thành module sạch sẽ; Viết tài liệu hướng dẫn cấu hình câu hỏi và tùy biến giao diện trong Báo cáo. | E58: Hoàn thiện mã nguồn JS Quiz, đóng gói thành module sạch sẽ; Viết tài liệu hướng dẫn cấu hình câu hỏi và tùy biến giao diện trong Báo cáo. | F58: Tài liệu yêu cầu dự án và dữ liệu từ các luồng liên quan | G58: Mã nguồn JavaScript không có lỗi runtime; tài liệu giải thích cơ chế SPA được bổ sung vào Báo cáo. | H58: Thiết kế hệ thống TMDT/Nhã Uyên/ | K58: Mã nguồn JavaScript không có lỗi runtime; tài liệu giải thích cơ chế SPA được bổ sung vào Báo cáo. | L58: Huỳnh Ngọc Nhã Uyên | M58: Theme Dev 2 (Quiz Frontend, Cart/Checkout UX) | N58: Lê Nguyễn Quốc An | O58: Tuần 10 | P58: =VLOOKUP(O58,'Danh mục'!$A$3:$D$12,2,FALSE) -> 46349 | Q58: =VLOOKUP(O58,'Danh mục'!$A$3:$D$12,3,FALSE) -> 46355 | S58: Trung bình | T58: Backlog | U58: Không | V58: TASK-78 | Y58: =IF(AND(TODAY()>Q58,T58<>"Done"),"TRỄ",IF(AND(C58="G4",VLOOKUP(B58,DoR!$A$2:$K$12,11,FALSE)<>"SẴN SÀNG PROMPT"),"THIẾU ĐẦU VÀO",""))
A59: L02-G8-01 | B59: L02 | C59: G8 | D59: Tiếp nhận và xử lý triệt để danh sách UI bugs do QA bàn giao; Đóng gói mã nguồn Theme, xóa bỏ toàn bộ CSS/JS rác không sử dụng. | E59: Tiếp nhận và xử lý triệt để danh sách UI bugs do QA bàn giao; Đóng gói mã nguồn Theme, xóa bỏ toàn bộ CSS/JS rác không sử dụng. | F59: Tài liệu yêu cầu dự án và dữ liệu từ các luồng liên quan | G59: Toàn bộ GitHub Issues về giao diện được đóng; Theme đạt chuẩn Clean Code và không lỗi console. | H59: Thiết kế hệ thống TMDT/Trúc Uyên/ | K59: Toàn bộ GitHub Issues về giao diện được đóng; Theme đạt chuẩn Clean Code và không lỗi console. | L59: Lâm Trúc Uyên | M59: Theme Dev 1 (Catalog, UI) | N59: Lê Nguyễn Quốc An | O59: Tuần 10 | P59: =VLOOKUP(O59,'Danh mục'!$A$3:$D$12,2,FALSE) -> 46349 | Q59: =VLOOKUP(O59,'Danh mục'!$A$3:$D$12,3,FALSE) -> 46355 | S59: Cao | T59: Backlog | U59: Không | V59: TASK-77 | Y59: =IF(AND(TODAY()>Q59,T59<>"Done"),"TRỄ",IF(AND(C59="G4",VLOOKUP(B59,DoR!$A$2:$K$12,11,FALSE)<>"SẴN SÀNG PROMPT"),"THIẾU ĐẦU VÀO",""))
A60: L04-G8-02 | B60: L04 | C60: G8 | D60: Viết mục báo cáo về Cổng thanh toán (Mục 5.2/TH3) và Tích hợp REST API độc lập (Mục 5.6); Đính kèm hình ảnh giao dịch và bằng chứng mã code. | E60: Viết mục báo cáo về Cổng thanh toán (Mục 5.2/TH3) và Tích hợp REST API độc lập (Mục 5.6); Đính kèm hình ảnh giao dịch và bằng chứng mã code. | F60: Tài liệu yêu cầu dự án và dữ liệu từ các luồng liên quan | G60: Mục 5.6 trong báo cáo có đủ hình ảnh chụp màn hình Postman và code Python minh chứng Rubric. | H60: Thiết kế hệ thống TMDT/Minh Tuyền/ | K60: Mục 5.6 trong báo cáo có đủ hình ảnh chụp màn hình Postman và code Python minh chứng Rubric. | L60: Trần Ngọc Minh Tuyền | M60: Integration Dev (thanh toán, email, vận chuyển, REST API) | N60: Lê Nguyễn Quốc An | O60: Tuần 10 | P60: =VLOOKUP(O60,'Danh mục'!$A$3:$D$12,2,FALSE) -> 46349 | Q60: =VLOOKUP(O60,'Danh mục'!$A$3:$D$12,3,FALSE) -> 46355 | S60: Khẩn cấp | T60: Backlog | U60: 46058 | V60: TASK-76 | Y60: =IF(AND(TODAY()>Q60,T60<>"Done"),"TRỄ",IF(AND(C60="G4",VLOOKUP(B60,DoR!$A$2:$K$12,11,FALSE)<>"SẴN SÀNG PROMPT"),"THIẾU ĐẦU VÀO",""))
